"uas_flight","green","red","rededge","nir"
"SewPen_SOLO_20220711_Teller_MM27_Flight7_MBS.tif",65535,65535,65535,65535
"SewPen_SOLO_20220713_Teller_MM27_Flight10_MBS.tif",1351.73499538319,858.122499230533,6812.81040320099,8959.07232994768
"SewPen_SOLO_20220713_Teller_MM27_Flight11_MBS.tif",1392.41982148353,1019.40350877193,8169.540473992,10475.1298861188
"SewPen_SOLO_20220713_Teller_MM27_Flight12_MBS.tif",2225.29869684499,1264.36316872428,8602.84293552812,11519.8604252401
