uas_flight,green,red,rededge,nir
SewPen_SOLO_20220711_Teller_MM27_Flight4_MBS.tif,1832.468262,2032.524902,7825.746094,11852.72754
SewPen_SOLO_20220711_Teller_MM27_Flight5_MBS.tif,1327.994444,1723.256667,7459.321389,9279.087222
