"uas_flight","green","red","rededge","nir"
"SewPen_SOLO_20220708_Teller_MM27_Flight1_MBS.tif",1686.68415455512,935.584190003545,9433.2967032967,14948.9633108827
