"uas_flight","green","red","rededge","nir"
"SewPen_SOLO_20220711_Teller_MM27_Flight4_MBS.tif",978.56402679275,540.638757551878,9220.8060809036,15199.7714079328
"SewPen_SOLO_20220711_Teller_MM27_Flight5_MBS.tif",1054.72106737432,591.097007223942,8901.57769423559,15368.2408226448
