"uas_flight","green","red","rededge","nir"
"SewPen_SOLO_20220708_Teller_MM27_Flight1_MBS.tif",1579.12299465241,935.979946524064,9367.31016042781,14394.7431245225
