"uas_flight","green","red","rededge","nir"
"SewPen_SOLO_20220713_Teller_MM27_Flight12_MBS.tif",2552.23636363636,1671.77676767677,8132.02525252525,11993.5521885522
