uas_flight,green,red,rededge,nir
SewPen_SOLO_20220711_Teller_MM27_Flight4_MBS.tif,1309.890602,809.4043233,9274.198684,14778.63383
SewPen_SOLO_20220711_Teller_MM27_Flight5_MBS.tif,1488.998948,926.6119529,9370.96612,16109.31965
