"uas_flight","green","red","rededge","nir"
"SewPen_SOLO_20220708_Teller_MM27_Flight1_MBS.tif",2022.62455990611,1074.46932678972,9669.54240904726,14660.9954123546
