uas_flight,green,red,rededge,nir
SewPen_SOLO_20220711_Teller_MM27_Flight5_MBS.tif,1199.853552,1310.668579,8339.870492,10441.76803
SewPen_SOLO_20220711_Teller_MM27_Flight6_MBS.tif,1587.937864,1563.273665,7194.706504,10104.28689
