"uas_flight","green","red","rededge","nir"
"SewPen_SOLO_20220708_Teller_MM27_Flight1_MBS.tif",1795.06915680473,1039.74075443787,6877.55695266272,11353.1390532544
"SewPen_SOLO_20220711_Teller_MM27_Flight4_MBS.tif",1313.49704142012,867.535621301775,8361.80923076923,15784.3768047337
