"uas_flight","green","red","rededge","nir"
"SewPen_SOLO_20220713_Teller_MM27_Flight10_MBS.tif",1622.07325330871,848.23053247153,6094.82610033857,10659.9529085873
"SewPen_SOLO_20220713_Teller_MM27_Flight11_MBS.tif",1118.05111917725,796.868421052632,6672.60072595281,11421.0967937084
"SewPen_SOLO_20220713_Teller_MM27_Flight12_MBS.tif",1764.57256198347,1069.11140495868,7238.01818181818,9389.3279338843
