"uas_flight","green","red","rededge","nir"
"SewPen_SOLO_20220708_Teller_MM27_Flight1_MBS.tif",1498.17455621302,814.943417159763,8095.20229289941,11815.7696005917
"SewPen_SOLO_20220711_Teller_MM27_Flight4_MBS.tif",65535,65535,65535,65535
