uas_flight,green,red,rededge,nir
SewPen_SOLO_20220711_Teller_MM27_Flight5_MBS.tif,888.7969328,862.3881544,5985.835272,7538.802221
SewPen_SOLO_20220711_Teller_MM27_Flight6_MBS.tif,1109.240375,803.8038502,5952.587669,8304.028616
