uas_flight,green,red,rededge,nir
SewPen_SOLO_20220711_Teller_MM27_Flight4_MBS.tif,1095.429845,615.7101665,9089.610285,15337.57907
SewPen_SOLO_20220711_Teller_MM27_Flight5_MBS.tif,1374.990741,782.5589849,8592.041838,16671.51543
