uas_flight,green,red,rededge,nir
SewPen_SOLO_20220711_Teller_MM27_Flight6_MBS.tif,1149.650364,1204.907648,4996.353538,6523.525494
SewPen_SOLO_20220711_Teller_MM27_Flight7_MBS.tif,1235.271753,1317.152273,5470.067208,7223.534091
