"uas_flight","green","red","rededge","nir"
"SewPen_SOLO_20220713_Teller_MM27_Flight10_MBS.tif",1278.27045036765,1071.00459558824,6152.35546875,7843.42761948529
"SewPen_SOLO_20220713_Teller_MM27_Flight11_MBS.tif",1088.5618729097,800.449052396879,6540.09743589744,8367.45819397993
"SewPen_SOLO_20220713_Teller_MM27_Flight12_MBS.tif",2199.45799180328,1393.77459016393,8060.92315573771,10301.2033811475
