uas_flight,green,red,rededge,nir
SewPen_SOLO_20220711_Teller_MM27_Flight6_MBS.tif,1082.150624,1184.843652,4112.492976,5308.277315
SewPen_SOLO_20220711_Teller_MM27_Flight7_MBS.tif,1188.950083,1303.092231,4548.426116,6019.149091
