"uas_flight","green","red","rededge","nir"
"SewPen_SOLO_20220708_Teller_MM27_Flight1_MBS.tif",1465.88752052545,653.326217843459,10904.8275862069,16631.0342090859
