"uas_flight","green","red","rededge","nir"
"SewPen_SOLO_20220711_Teller_MM27_Flight4_MBS.tif",1949.18894230769,1980.16225961538,8390.55600961538,14123.6411057692
"SewPen_SOLO_20220711_Teller_MM27_Flight5_MBS.tif",1303.03977425423,1668.24536414942,7901.70733673744,10110.7895726955
"SewPen_SOLO_20220711_Teller_MM27_Flight6_MBS.tif",1852.17611862643,2010.01040582726,6640.11108220604,10129.8478147763
