"uas_flight","green","red","rededge","nir"
"SewPen_SOLO_20220711_Teller_MM27_Flight6_MBS.tif",65535,65535,65535,65535
"SewPen_SOLO_20220711_Teller_MM27_Flight7_MBS.tif",1494.81884297521,1840.95603305785,6461.4320661157,8537.85818181818
"SewPen_SOLO_20220713_Teller_MM27_Flight10_MBS.tif",29993.3115547489,29181.5889292196,32846.5057471264,35932.5801572898
"SewPen_SOLO_20220713_Teller_MM27_Flight11_MBS.tif",65535,65535,65535,65535
