uas_flight,green,red,rededge,nir
SewPen_SOLO_20220711_Teller_MM27_Flight6_MBS.tif,1500.466961,1444.008845,6377.390739,9322.919615
SewPen_SOLO_20220711_Teller_MM27_Flight7_MBS.tif,1362.355041,1434.461818,7120.451901,9141.548099
