"uas_flight","green","red","rededge","nir"
"SewPen_SOLO_20220711_Teller_MM27_Flight4_MBS.tif",1193.32132132132,1066.16246246246,8499.80165165165,13171.2135135135
"SewPen_SOLO_20220711_Teller_MM27_Flight5_MBS.tif",1210.91029900332,1083.06029900332,8645.57940199335,12674.1586378738
