"uas_flight","green","red","rededge","nir"
"SewPen_SOLO_20220711_Teller_MM27_Flight6_MBS.tif",1110.99110563766,1134.37739463602,4817.48960043788,6480.78639846743
"SewPen_SOLO_20220711_Teller_MM27_Flight7_MBS.tif",1155.94324786325,1363.50085470085,5108.40427350427,6530.59435897436
