"uas_flight","green","red","rededge","nir"
"SewPen_SOLO_20220711_Teller_MM27_Flight7_MBS.tif",65535,65535,65535,65535
"SewPen_SOLO_20220713_Teller_MM27_Flight10_MBS.tif",1301.13777893098,631.65334717177,7341.75116761806,10105.2479242346
"SewPen_SOLO_20220713_Teller_MM27_Flight11_MBS.tif",1480.99949874687,1050.07969924812,7742.64461152882,10162.64160401
"SewPen_SOLO_20220713_Teller_MM27_Flight12_MBS.tif",2377.82989617409,1061.84397667473,9209.32001137818,13153.2605603755
