"uas_flight","green","red","rededge","nir"
"SewPen_SOLO_20220708_Teller_MM27_Flight1_MBS.tif",2805.26164079823,1237.61363636364,14208.1419068736,26111.8009977827
