"uas_flight","green","red","rededge","nir"
"SewPen_SOLO_20220711_Teller_MM27_Flight6_MBS.tif",65535,65535,65535,65535
"SewPen_SOLO_20220711_Teller_MM27_Flight7_MBS.tif",1466.0079338843,1502.41223140496,7653.71867768595,11893.1689256198
"SewPen_SOLO_20220713_Teller_MM27_Flight10_MBS.tif",2057.01231148046,1137.1215758695,9432.57525392428,13182.4764542936
"SewPen_SOLO_20220713_Teller_MM27_Flight11_MBS.tif",2489.54310344828,1278.67419738407,8729.78686087991,12740.7957788347
