uas_flight,green,red,rededge,nir
SewPen_SOLO_20220711_Teller_MM27_Flight6_MBS.tif,1618.544745,1896.034339,5071.753642,7417.566857
SewPen_SOLO_20220711_Teller_MM27_Flight7_MBS.tif,1427.564959,1895.329256,5057.190744,6531.04562
