"uas_flight","green","red","rededge","nir"
"SewPen_SOLO_20220711_Teller_MM27_Flight7_MBS.tif",65535,65535,65535,65535
"SewPen_SOLO_20220713_Teller_MM27_Flight10_MBS.tif",1595.4459833795,1003.92120652508,8064.61403508772,10561.8451831333
"SewPen_SOLO_20220713_Teller_MM27_Flight11_MBS.tif",1875.65249702735,1469.25683709869,8192.44560047562,10050.2190844233
"SewPen_SOLO_20220713_Teller_MM27_Flight12_MBS.tif",4087.167003367,2081.25723905724,8800.82895622896,15839.964983165
