"uas_flight","green","red","rededge","nir"
"SewPen_SOLO_20220708_Teller_MM27_Flight1_MBS.tif",1427.41911983348,668.941421349985,6953.01761819804,11040.067573595
"SewPen_SOLO_20220711_Teller_MM27_Flight4_MBS.tif",46675.876546833,46566.3990217657,48623.6588407924,50796.3573000734
