"uas_flight","green","red","rededge","nir"
"SewPen_SOLO_20220711_Teller_MM27_Flight7_MBS.tif",1434.68337264151,1189.64121462264,6062.80925707547,9069.52505896226
"SewPen_SOLO_20220713_Teller_MM27_Flight10_MBS.tif",1864.68873812754,1401.78968792402,7273.91071913161,8729.81736770692
"SewPen_SOLO_20220713_Teller_MM27_Flight11_MBS.tif",2148.29490546218,1269.72741596639,7071.49107142857,9239.1512605042
"SewPen_SOLO_20220713_Teller_MM27_Flight12_MBS.tif",65535,65535,65535,65535
