"uas_flight","green","red","rededge","nir"
"SewPen_SOLO_20220711_Teller_MM27_Flight7_MBS.tif",1654.27834710744,1679.25024793388,7439.02016528926,11567.280661157
"SewPen_SOLO_20220713_Teller_MM27_Flight10_MBS.tif",1936.41766697445,1301.54416743613,8067.30470914127,10943.0443213296
"SewPen_SOLO_20220713_Teller_MM27_Flight11_MBS.tif",2969.37128418549,1955.08293697979,8546.24732461356,11867.6724137931
