"uas_flight","green","red","rededge","nir"
"SewPen_SOLO_20220708_Teller_MM27_Flight1_MBS.tif",1722.74356060606,949.087121212121,7818.78371212121,11545.7443181818
