"uas_flight","green","red","rededge","nir"
"SewPen_SOLO_20220711_Teller_MM27_Flight6_MBS.tif",65535,65535,65535,65535
"SewPen_SOLO_20220711_Teller_MM27_Flight7_MBS.tif",1491.07323232323,1666.37929292929,7417.63484848485,10048.6626262626
"SewPen_SOLO_20220713_Teller_MM27_Flight10_MBS.tif",65535,65535,65535,65535
"SewPen_SOLO_20220713_Teller_MM27_Flight11_MBS.tif",65535,65535,65535,65535
