uas_flight,green,red,rededge,nir
SewPen_SOLO_20220711_Teller_MM27_Flight5_MBS.tif,1099.283526,1093.846009,7996.575652,10376.23811
SewPen_SOLO_20220711_Teller_MM27_Flight6_MBS.tif,1351.431842,1160.922737,7598.065557,10483.44225
