"uas_flight","green","red","rededge","nir"
"SewPen_SOLO_20220708_Teller_MM27_Flight1_MBS.tif",1615.44156804734,1283.48705621302,8520.19119822485,12291.5059171598
