"uas_flight","green","red","rededge","nir"
"SewPen_SOLO_20220711_Teller_MM27_Flight7_MBS.tif",1692.74710743802,1887.20892561983,6748.30347107438,9617.16495867769
"SewPen_SOLO_20220713_Teller_MM27_Flight10_MBS.tif",2312.15635580179,2370.40935672515,7889.43274853801,9371.11049553709
"SewPen_SOLO_20220713_Teller_MM27_Flight11_MBS.tif",3285.70154577883,2630.83620689655,8756.55975029727,10696.37039239
"SewPen_SOLO_20220713_Teller_MM27_Flight12_MBS.tif",65535,65535,65535,65535
