"uas_flight","green","red","rededge","nir"
"SewPen_SOLO_20220708_Teller_MM27_Flight1_MBS.tif",1671.87869822485,886.791420118343,10216.5676775148,15651.1985946746
