"uas_flight","green","red","rededge","nir"
"SewPen_SOLO_20220713_Teller_MM27_Flight10_MBS.tif",65535,65535,65535,65535
"SewPen_SOLO_20220713_Teller_MM27_Flight12_MBS.tif",2745.09917355372,1884.87801652893,7939.01719008264,11888.9980165289
