"uas_flight","green","red","rededge","nir"
"SewPen_SOLO_20220711_Teller_MM27_Flight5_MBS.tif",1221.14919636618,1515.68902865129,5916.5034940601,8125.66317260657
"SewPen_SOLO_20220711_Teller_MM27_Flight6_MBS.tif",1339.05624142661,1688.52812071331,4656.87620027435,6119.96090534979
"SewPen_SOLO_20220711_Teller_MM27_Flight7_MBS.tif",65535,65535,65535,65535
