uas_flight,green,red,rededge,nir
SewPen_SOLO_20220711_Teller_MM27_Flight6_MBS.tif,1446.737253,1512.317638,6482.646982,8588.091311
SewPen_SOLO_20220711_Teller_MM27_Flight7_MBS.tif,1388.953058,1343.198017,7243.930248,9623.801322
