"uas_flight","green","red","rededge","nir"
"SewPen_SOLO_20220708_Teller_MM27_Flight1_MBS.tif",65535,65535,65535,65535
"SewPen_SOLO_20220711_Teller_MM27_Flight4_MBS.tif",1644.17993164062,1000.42041015625,9102.23999023438,15022.5593261719
