"uas_flight","green","red","rededge","nir"
"SewPen_SOLO_20220708_Teller_MM27_Flight1_MBS.tif",2212.6150147929,1168.56915680473,11498.8047337278,19859.5440088757
