"uas_flight","green","red","rededge","nir"
"SewPen_SOLO_20220711_Teller_MM27_Flight7_MBS.tif",1265.77584120068,1145.29799080126,6981.99661099008,9902.13773904624
"SewPen_SOLO_20220713_Teller_MM27_Flight10_MBS.tif",2367.34984381972,1808.35252119589,8523.05577867024,11322.1519410977
"SewPen_SOLO_20220713_Teller_MM27_Flight11_MBS.tif",3219.44270152505,1911.09520697168,8194.15446623094,11578.1498910675
"SewPen_SOLO_20220713_Teller_MM27_Flight12_MBS.tif",65535,65535,65535,65535
