"uas_flight","green","red","rededge","nir"
"SewPen_SOLO_20220711_Teller_MM27_Flight4_MBS.tif",65535,65535,65535,65535
"SewPen_SOLO_20220711_Teller_MM27_Flight5_MBS.tif",979.249516441006,835.290135396518,7611.38878143133,10399.5270793037
"SewPen_SOLO_20220711_Teller_MM27_Flight6_MBS.tif",1238.95359848485,938.792140151515,7589.69933712121,11232.9076704545
"SewPen_SOLO_20220711_Teller_MM27_Flight7_MBS.tif",65535,65535,65535,65535
