"uas_flight","green_ave","red_ave","rededge_ave","nir_ave","green_sd","red_sd","rededge_sd","nir_sd","chm_ave","chm_sd"
"SewPen_SOLO_20220708_Teller_MM27_Flight1_MBS.tif",65535,65535,65535,65535,0,0,0,0,20.5425,4.79060587740268
"SewPen_SOLO_20220711_Teller_MM27_Flight4_MBS.tif",1644.17993164062,1000.42041015625,9102.23999023438,15022.5593261719,122.624310244146,137.933248223542,707.347967432174,1357.35954690748,20.5425,4.79060587740268
