"uas_flight","green_ave","red_ave","rededge_ave","nir_ave","green_sd","red_sd","rededge_sd","nir_sd","chm_ave","chm_sd"
"SewPen_SOLO_20220713_Teller_MM27_Flight10_MBS.tif",65535,65535,65535,65535,0,0,0,0,16.85561577838,8.41772439278804
"SewPen_SOLO_20220713_Teller_MM27_Flight11_MBS.tif",65535,65535,65535,65535,0,0,0,0,16.85561577838,8.41772439278804
"SewPen_SOLO_20220713_Teller_MM27_Flight12_MBS.tif",1442.7262987013,813.391883116883,7124.12045454545,9669.77532467533,150.40927629694,178.756736289241,1049.82940761642,1375.06098155536,16.85561577838,8.41772439278804
