"uas_flight","green_ave","red_ave","rededge_ave","nir_ave","green_sd","red_sd","rededge_sd","nir_sd","chm_ave","chm_sd"
"SewPen_SOLO_20220711_Teller_MM27_Flight7_MBS.tif",65535,65535,65535,65535,0,0,0,0,27.7377696647859,18.2890268464805
"SewPen_SOLO_20220711_Teller_MM27_Flight8_MBS.tif",52217.1547235641,52190.405394525,53286.9398819109,54155.3204508857,26000.1889430603,26052.7561768563,23913.0250421473,22221.3401981146,27.7377696647859,18.2890268464805
"SewPen_SOLO_20220713_Teller_MM27_Flight10_MBS.tif",1301.13777893098,631.65334717177,7341.75116761806,10105.2479242346,297.933013719816,191.372673496937,1544.96761090365,2136.03347832588,27.7377696647859,18.2890268464805
"SewPen_SOLO_20220713_Teller_MM27_Flight11_MBS.tif",1480.99949874687,1050.07969924812,7742.64461152882,10162.64160401,553.949463191496,699.414209560267,1604.08767601859,2367.82301162612,27.7377696647859,18.2890268464805
"SewPen_SOLO_20220713_Teller_MM27_Flight12_MBS.tif",2377.82989617409,1061.84397667473,9209.32001137818,13153.2605603755,452.030239260235,413.573197898821,1752.90444820825,2796.51325630616,27.7377696647859,18.2890268464805
