"uas_flight","green_ave","red_ave","rededge_ave","nir_ave","green_sd","red_sd","rededge_sd","nir_sd","chm_ave","chm_sd"
"SewPen_SOLO_20220708_Teller_MM27_Flight1_MBS.tif",1528.30426716141,1265.72653061224,7851.68348794063,11871.612987013,249.735502621938,405.357133753165,1201.3342033886,1605.9000398962,72.1516693163752,30.4827311856435
"SewPen_SOLO_20220711_Teller_MM27_Flight4_MBS.tif",65535,65535,65535,65535,0,0,0,0,72.1516693163752,30.4827311856435
