"uas_flight","green_ave","red_ave","rededge_ave","nir_ave","green_sd","red_sd","rededge_sd","nir_sd","chm_ave","chm_sd"
"SewPen_SOLO_20220713_Teller_MM27_Flight12_MBS.tif",2552.23636363636,1671.77676767677,8132.02525252525,11993.5521885522,347.730261578361,295.788395660478,1251.09681285331,1887.98504922932,15.6219135802469,9.2492011332812
