"uas_flight","green_ave","red_ave","rededge_ave","nir_ave","green_sd","red_sd","rededge_sd","nir_sd","chm_ave","chm_sd"
"SewPen_SOLO_20220708_Teller_MM27_Flight1_MBS.tif",65535,65535,65535,65535,0,0,0,0,34.1480979676915,22.4656654455086
"SewPen_SOLO_20220711_Teller_MM27_Flight4_MBS.tif",1188.83950617284,780.135642135642,9273.68125701459,14917.7787397787,239.490292328471,248.002444575684,1457.94779105421,2691.51867964244,34.1480979676915,22.4656654455086
"SewPen_SOLO_20220711_Teller_MM27_Flight5_MBS.tif",1310.42821562,831.326098558975,8849.14428037716,15996.9587262053,236.858007483545,231.400358355846,1185.00127032596,2422.24687083674,34.1480979676915,22.4656654455086
