"uas_flight","green_ave","red_ave","rededge_ave","nir_ave","green_sd","red_sd","rededge_sd","nir_sd","chm_ave","chm_sd"
"SewPen_SOLO_20220711_Teller_MM27_Flight5_MBS.tif",65535,65535,65535,65535,0,0,0,0,7.78452739197531,3.72491603933423
"SewPen_SOLO_20220711_Teller_MM27_Flight6_MBS.tif",1082.15062434964,1184.84365244537,4112.4929760666,5308.27731529657,169.795770383114,216.934316781197,705.635696627164,1054.1278955553,7.78452739197531,3.72491603933423
"SewPen_SOLO_20220711_Teller_MM27_Flight7_MBS.tif",1188.95008264463,1303.09223140496,4548.42611570248,6019.14909090909,130.683114983632,196.849500756865,651.852500026877,1034.78697417933,7.78452739197531,3.72491603933423
"SewPen_SOLO_20220711_Teller_MM27_Flight8_MBS.tif",65535,65535,65535,65535,0,0,0,0,7.78452739197531,3.72491603933423
