"uas_flight","green_ave","red_ave","rededge_ave","nir_ave","green_sd","red_sd","rededge_sd","nir_sd","chm_ave","chm_sd"
"SewPen_SOLO_20220711_Teller_MM27_Flight4_MBS.tif",1832.46826171875,2032.52490234375,7825.74609375,11852.7275390625,346.537086191346,551.868384147195,1150.57809581249,2193.00000773543,27.6128164556962,5.71404848022441
"SewPen_SOLO_20220711_Teller_MM27_Flight5_MBS.tif",1327.99444444444,1723.25666666667,7459.32138888889,9279.08722222222,255.77213886795,485.24790524751,1224.5933939854,1746.74917738486,27.6128164556962,5.71404848022441
"SewPen_SOLO_20220711_Teller_MM27_Flight6_MBS.tif",65535,65535,65535,65535,0,0,0,0,27.6128164556962,5.71404848022441
