"uas_flight","green_ave","red_ave","rededge_ave","nir_ave","green_sd","red_sd","rededge_sd","nir_sd","chm_ave","chm_sd"
"SewPen_SOLO_20220708_Teller_MM27_Flight1_MBS.tif",1343.94893617021,960.668858800774,7428.0998065764,11236.4607350097,275.984374739684,371.714626249877,1366.96422910663,1915.46728876087,31.9668009669621,19.4456008601164
"SewPen_SOLO_20220711_Teller_MM27_Flight4_MBS.tif",65535,65535,65535,65535,0,0,0,0,31.9668009669621,19.4456008601164
