"uas_flight","green_ave","red_ave","rededge_ave","nir_ave","green_sd","red_sd","rededge_sd","nir_sd","chm_ave","chm_sd"
"SewPen_SOLO_20220708_Teller_MM27_Flight1_MBS.tif",1420.65569526627,895.868713017751,7987.88202662722,11400.262943787,170.586863740323,294.325100299552,983.003846057508,1243.15666135209,5.03703703703704,4.87109829158766
"SewPen_SOLO_20220711_Teller_MM27_Flight4_MBS.tif",65535,65535,65535,65535,0,0,0,0,5.03703703703704,4.87109829158766
