"uas_flight","green_ave","red_ave","rededge_ave","nir_ave","green_sd","red_sd","rededge_sd","nir_sd","chm_ave","chm_sd"
"SewPen_SOLO_20220713_Teller_MM27_Flight10_MBS.tif",65535,65535,65535,65535,0,0,0,0,9.01041046995836,4.66573062689821
"SewPen_SOLO_20220713_Teller_MM27_Flight11_MBS.tif",65535,65535,65535,65535,0,0,0,0,9.01041046995836,4.66573062689821
"SewPen_SOLO_20220713_Teller_MM27_Flight12_MBS.tif",1483.87966942149,1464.50909090909,6296.77818181818,8686.0532231405,196.549585306145,367.040148893103,926.015837554691,1282.26694439065,9.01041046995836,4.66573062689821
