"uas_flight","green_ave","red_ave","rededge_ave","nir_ave","green_sd","red_sd","rededge_sd","nir_sd","chm_ave","chm_sd"
"SewPen_SOLO_20220711_Teller_MM27_Flight4_MBS.tif",978.56402679275,540.638757551878,9220.8060809036,15199.7714079328,166.973928131805,92.7028163701271,1647.11277637146,2907.28922989587,44.0454157782516,25.7570526147906
"SewPen_SOLO_20220711_Teller_MM27_Flight5_MBS.tif",1054.72106737432,591.097007223942,8901.57769423559,15368.2408226448,169.261524446241,104.997878039567,1359.93392257275,2634.76919402897,44.0454157782516,25.7570526147906
