"uas_flight","green_ave","red_ave","rededge_ave","nir_ave","green_sd","red_sd","rededge_sd","nir_sd","chm_ave","chm_sd"
"SewPen_SOLO_20220713_Teller_MM27_Flight10_MBS.tif",1830.46218995765,1070.83182093164,5714.74047186933,8966.37840290381,189.983580605724,180.826213150392,515.250983104326,768.935459110679,11.4206675811614,6.18964710807976
"SewPen_SOLO_20220713_Teller_MM27_Flight11_MBS.tif",1709.38079667063,1331.03656361474,5934.33442330559,9185.58234244946,189.137322890902,195.166672064745,632.081763356279,855.659187941528,11.4206675811614,6.18964710807976
"SewPen_SOLO_20220713_Teller_MM27_Flight12_MBS.tif",1568.10148760331,1031.64495867769,6941.85090909091,8633.08561983471,96.3007885710188,151.430551299722,697.250655152873,896.083015929139,11.4206675811614,6.18964710807976
