"uas_flight","green_ave","red_ave","rededge_ave","nir_ave","green_sd","red_sd","rededge_sd","nir_sd","chm_ave","chm_sd"
"SewPen_SOLO_20220711_Teller_MM27_Flight4_MBS.tif",1186.42822265625,1017.73608398438,8699.84375,12686.2172851562,207.194141290173,373.220180951273,732.720527172653,1214.97589424387,10.74828125,5.67645497916174
"SewPen_SOLO_20220711_Teller_MM27_Flight5_MBS.tif",1255.68360655738,1104.9587431694,8753.03087431694,12561.6150273224,240.25012452231,450.747062850111,702.685219739804,1210.61491703031,10.74828125,5.67645497916174
