"uas_flight","green_ave","red_ave","rededge_ave","nir_ave","green_sd","red_sd","rededge_sd","nir_sd","chm_ave","chm_sd"
"SewPen_SOLO_20220711_Teller_MM27_Flight6_MBS.tif",65535,65535,65535,65535,0,0,0,0,13.5918237192836,12.6746761493784
"SewPen_SOLO_20220711_Teller_MM27_Flight7_MBS.tif",1400.71992653811,1532.19008264463,6939.84664830119,9479.58953168044,133.344621993917,420.00119884818,1278.30879103932,2194.98294109357,13.5918237192836,12.6746761493784
"SewPen_SOLO_20220711_Teller_MM27_Flight8_MBS.tif",1327.71008403361,1626.05378151261,5909.37647058823,7937.89243697479,101.515492770763,227.915670883923,673.649240850321,1020.27035543358,13.5918237192836,12.6746761493784
"SewPen_SOLO_20220713_Teller_MM27_Flight10_MBS.tif",65535,65535,65535,65535,0,0,0,0,13.5918237192836,12.6746761493784
"SewPen_SOLO_20220713_Teller_MM27_Flight11_MBS.tif",65535,65535,65535,65535,0,0,0,0,13.5918237192836,12.6746761493784
