"uas_flight","green_ave","red_ave","rededge_ave","nir_ave","green_sd","red_sd","rededge_sd","nir_sd","chm_ave","chm_sd"
"SewPen_SOLO_20220708_Teller_MM27_Flight1_MBS.tif",1243.88826566952,738.002492877493,7895.89503205128,11623.8441951567,185.447532617873,217.123921006639,1314.75912537757,1723.05863237579,19.1968629233917,12.4376931593466
"SewPen_SOLO_20220711_Teller_MM27_Flight4_MBS.tif",65535,65535,65535,65535,0,0,0,0,19.1968629233917,12.4376931593466
