"uas_flight","green_ave","red_ave","rededge_ave","nir_ave","green_sd","red_sd","rededge_sd","nir_sd","chm_ave","chm_sd"
"SewPen_SOLO_20220713_Teller_MM27_Flight10_MBS.tif",65535,65535,65535,65535,0,0,0,0,6.53894223441549,4.64302355393819
"SewPen_SOLO_20220713_Teller_MM27_Flight11_MBS.tif",65535,65535,65535,65535,0,0,0,0,6.53894223441549,4.64302355393819
"SewPen_SOLO_20220713_Teller_MM27_Flight12_MBS.tif",1948.75537190083,1202.4373553719,6771.56694214876,10423.2105785124,235.34454716021,231.87576807075,689.485643033374,1160.40779482253,6.53894223441549,4.64302355393819
