"uas_flight","green_ave","red_ave","rededge_ave","nir_ave","green_sd","red_sd","rededge_sd","nir_sd","chm_ave","chm_sd"
"SewPen_SOLO_20220711_Teller_MM27_Flight8_MBS.tif",65535,65535,65535,65535,0,0,0,0,12.1567299006323,4.56698779607575
"SewPen_SOLO_20220713_Teller_MM27_Flight10_MBS.tif",1040.63793103448,713.544887039239,6607.97859690844,13271.8153983353,96.556573418664,124.009222679452,683.081846006345,1434.85813227541,12.1567299006323,4.56698779607575
"SewPen_SOLO_20220713_Teller_MM27_Flight11_MBS.tif",1140.83080070134,743.968147282291,6497.90473407364,12249.5800701344,159.046163947684,173.157969527847,1041.63596241977,2081.75160740036,12.1567299006323,4.56698779607575
"SewPen_SOLO_20220713_Teller_MM27_Flight12_MBS.tif",1511.32363636364,706.737520661157,8090.89785123967,11452.5533884298,149.625303790474,139.522472625481,878.902930695984,1280.06161930414,12.1567299006323,4.56698779607575
