"uas_flight","green_ave","red_ave","rededge_ave","nir_ave","green_sd","red_sd","rededge_sd","nir_sd","chm_ave","chm_sd"
"SewPen_SOLO_20220711_Teller_MM27_Flight7_MBS.tif",65535,65535,65535,65535,0,0,0,0,6.50190007716049,4.40448286526998
"SewPen_SOLO_20220711_Teller_MM27_Flight8_MBS.tif",1650.34256694367,2064.27762388427,7141.55924899969,10495.6164973838,187.413685981145,449.290692206304,437.682224838786,787.845491137122,6.50190007716049,4.40448286526998
"SewPen_SOLO_20220713_Teller_MM27_Flight10_MBS.tif",2076.16636418633,2102.53297035693,6431.20417422868,7961.00665456745,215.148799439039,322.255671749395,763.263656368062,893.665633108024,6.50190007716049,4.40448286526998
"SewPen_SOLO_20220713_Teller_MM27_Flight11_MBS.tif",2102.71938168847,1887.54875148633,7976.5805588585,9902.26843043995,229.542869549764,403.107865140434,900.467511502249,1159.32279500976,6.50190007716049,4.40448286526998
"SewPen_SOLO_20220713_Teller_MM27_Flight12_MBS.tif",5463.41190082645,3270.24727272727,9022.71636363636,15173.9348760331,386.298256335363,325.613551419048,707.986332988436,1243.00658848803,6.50190007716049,4.40448286526998
