"uas_flight","green_ave","red_ave","rededge_ave","nir_ave","green_sd","red_sd","rededge_sd","nir_sd","chm_ave","chm_sd"
"SewPen_SOLO_20220711_Teller_MM27_Flight6_MBS.tif",1500.46696149844,1444.00884495317,6377.39073881374,9322.91961498439,104.914845715213,196.681427950819,476.520560607113,817.341330105596,11.492109375,9.87950417779797
"SewPen_SOLO_20220711_Teller_MM27_Flight7_MBS.tif",1362.35504132231,1434.46181818182,7120.45190082645,9141.54809917355,106.422256390745,211.988918423562,668.067318623521,1025.24213704242,11.492109375,9.87950417779797
"SewPen_SOLO_20220711_Teller_MM27_Flight8_MBS.tif",27644.3660714286,27709.8587372449,30212.1100127551,32053.3258928571,31513.3030214304,31459.3475108044,29379.3382238461,27853.4378167254,11.492109375,9.87950417779797
"SewPen_SOLO_20220713_Teller_MM27_Flight10_MBS.tif",65535,65535,65535,65535,0,0,0,0,11.492109375,9.87950417779797
