"uas_flight","green_ave","red_ave","rededge_ave","nir_ave","green_sd","red_sd","rededge_sd","nir_sd","chm_ave","chm_sd"
"SewPen_SOLO_20220708_Teller_MM27_Flight1_MBS.tif",1465.88752052545,653.326217843459,10904.8275862069,16631.0342090859,140.436234019591,100.496712112638,1648.24416871037,2935.03015264123,33.8961247420316,16.9889645242986
