"uas_flight","green_ave","red_ave","rededge_ave","nir_ave","green_sd","red_sd","rededge_sd","nir_sd","chm_ave","chm_sd"
"SewPen_SOLO_20220711_Teller_MM27_Flight8_MBS.tif",65535,65535,65535,65535,0,0,0,0,12.6034375,8.4831956038712
"SewPen_SOLO_20220713_Teller_MM27_Flight10_MBS.tif",1622.07325330871,848.23053247153,6094.82610033857,10659.9529085873,233.032234554922,191.514507941853,788.818243506707,1305.09815347652,12.6034375,8.4831956038712
"SewPen_SOLO_20220713_Teller_MM27_Flight11_MBS.tif",1118.05111917725,796.868421052632,6672.60072595281,11421.0967937084,118.602972821662,163.472127251857,781.97184037545,1388.33827499542,12.6034375,8.4831956038712
"SewPen_SOLO_20220713_Teller_MM27_Flight12_MBS.tif",1764.57256198347,1069.11140495868,7238.01818181818,9389.3279338843,234.861361730019,254.498982243815,962.22148310027,1220.73795969214,12.6034375,8.4831956038712
