"uas_flight","green_ave","red_ave","rededge_ave","nir_ave","green_sd","red_sd","rededge_sd","nir_sd","chm_ave","chm_sd"
"SewPen_SOLO_20220708_Teller_MM27_Flight1_MBS.tif",2805.26164079823,1237.61363636364,14208.1419068736,26111.8009977827,249.799730740004,280.594574838352,1423.94828732437,2612.9131880673,55.4166229221347,29.4986920691127
