"uas_flight","green_ave","red_ave","rededge_ave","nir_ave","green_sd","red_sd","rededge_sd","nir_sd","chm_ave","chm_sd"
"SewPen_SOLO_20220708_Teller_MM27_Flight1_MBS.tif",1704.94166666667,1246.35833333333,8590.93166666667,13529.1466666667,204.463842161573,356.454613138379,1515.45656856307,2412.52915909219,48.6816087138668,26.4395908588991
"SewPen_SOLO_20220711_Teller_MM27_Flight4_MBS.tif",4907.47755013078,4600.76482127289,12073.6475588492,20130.7731037489,13995.0311393192,14071.782354859,12360.3493058988,10704.5228581994,48.6816087138668,26.4395908588991
