"uas_flight","green_ave","red_ave","rededge_ave","nir_ave","green_sd","red_sd","rededge_sd","nir_sd","chm_ave","chm_sd"
"SewPen_SOLO_20220708_Teller_MM27_Flight1_MBS.tif",1573.45016722408,669.92530657748,10453.8813823857,19515.4994425864,339.823463283689,172.40962672782,2435.72147278255,4870.23827614926,69.9355238095238,38.0700390602237
