"uas_flight","green_ave","red_ave","rededge_ave","nir_ave","green_sd","red_sd","rededge_sd","nir_sd","chm_ave","chm_sd"
"SewPen_SOLO_20220711_Teller_MM27_Flight7_MBS.tif",1265.77584120068,1145.29799080126,6981.99661099008,9902.13773904624,176.676053008799,306.265231937585,840.854208233657,1372.40947823112,24.5854700854701,16.6005618810354
"SewPen_SOLO_20220711_Teller_MM27_Flight8_MBS.tif",1273.08398527381,1539.32351587667,6186.27887712839,8253.46663598712,201.870270380206,474.597238035963,712.806362859029,1079.16062634793,24.5854700854701,16.6005618810354
"SewPen_SOLO_20220713_Teller_MM27_Flight10_MBS.tif",2367.34984381972,1808.35252119589,8523.05577867024,11322.1519410977,370.030958687467,574.54561051499,1077.58964519902,1507.90210557346,24.5854700854701,16.6005618810354
"SewPen_SOLO_20220713_Teller_MM27_Flight11_MBS.tif",3219.44270152505,1911.09520697168,8194.15446623094,11578.1498910675,445.122179546751,393.119453952831,923.55933518397,1284.68941591919,24.5854700854701,16.6005618810354
"SewPen_SOLO_20220713_Teller_MM27_Flight12_MBS.tif",65535,65535,65535,65535,0,0,0,0,24.5854700854701,16.6005618810354
