"uas_flight","green_ave","red_ave","rededge_ave","nir_ave","green_sd","red_sd","rededge_sd","nir_sd","chm_ave","chm_sd"
"SewPen_SOLO_20220711_Teller_MM27_Flight5_MBS.tif",65535,65535,65535,65535,0,0,0,0,6.77970019613337,5.30503773424952
"SewPen_SOLO_20220711_Teller_MM27_Flight6_MBS.tif",1318.68418560606,1333.01041666667,5996.09753787879,8207.50449810606,115.210637746127,217.160704044101,792.285493702684,1194.42176256528,6.77970019613337,5.30503773424952
"SewPen_SOLO_20220711_Teller_MM27_Flight7_MBS.tif",1384.8229679803,1530.44735221675,6235.56896551724,8366.80172413793,106.736519971341,210.973383886984,770.478035380181,1178.63325872823,6.77970019613337,5.30503773424952
"SewPen_SOLO_20220711_Teller_MM27_Flight8_MBS.tif",65535,65535,65535,65535,0,0,0,0,6.77970019613337,5.30503773424952
