"uas_flight","green_ave","red_ave","rededge_ave","nir_ave","green_sd","red_sd","rededge_sd","nir_sd","chm_ave","chm_sd"
"SewPen_SOLO_20220708_Teller_MM27_Flight1_MBS.tif",27901.7588757396,27257.1261094675,30541.2821745562,35406.1294378698,30790.4842302112,31318.2041962449,28635.9780394503,24686.166030187,36.9065625,7.17024599476268
"SewPen_SOLO_20220711_Teller_MM27_Flight4_MBS.tif",1622.39834319527,1389.50863905325,8183.22414201183,12944.8840236686,156.941969730167,298.284921505284,907.321868570335,1675.68942810503,36.9065625,7.17024599476268
