"uas_flight","green_ave","red_ave","rededge_ave","nir_ave","green_sd","red_sd","rededge_sd","nir_sd","chm_ave","chm_sd"
"SewPen_SOLO_20220708_Teller_MM27_Flight1_MBS.tif",1615.44156804734,1283.48705621302,8520.19119822485,12291.5059171598,199.846560422789,280.166130850397,712.147559021058,965.930939209033,0.70953125,0.973553927708309
