"uas_flight","green_ave","red_ave","rededge_ave","nir_ave","green_sd","red_sd","rededge_sd","nir_sd","chm_ave","chm_sd"
"SewPen_SOLO_20220708_Teller_MM27_Flight1_MBS.tif",1579.12299465241,935.979946524064,9367.31016042781,14394.7431245225,251.483781993622,280.918198705209,1824.68865752636,2729.91089363774,31.8520208604954,12.698221403721
