"uas_flight","green_ave","red_ave","rededge_ave","nir_ave","green_sd","red_sd","rededge_sd","nir_sd","chm_ave","chm_sd"
"SewPen_SOLO_20220708_Teller_MM27_Flight1_MBS.tif",1686.68415455512,935.584190003545,9433.2967032967,14948.9633108827,205.243123615441,254.377915368632,1348.17750193634,2101.47552881974,36.271790988262,19.283876273635
