"uas_flight","green_ave","red_ave","rededge_ave","nir_ave","green_sd","red_sd","rededge_sd","nir_sd","chm_ave","chm_sd"
"SewPen_SOLO_20220708_Teller_MM27_Flight1_MBS.tif",65535,65535,65535,65535,0,0,0,0,69.8441222570533,28.1622344202392
"SewPen_SOLO_20220711_Teller_MM27_Flight4_MBS.tif",1025.9328259031,687.472997462849,8673.38443880633,13929.4595868068,157.45846907739,149.891656222067,1595.32699787514,2999.73183193513,69.8441222570533,28.1622344202392
"SewPen_SOLO_20220711_Teller_MM27_Flight5_MBS.tif",1145.57251082251,771.573187229437,8730.3575487013,14390.6830357143,192.264824050587,192.707966865055,1440.00245061347,2893.90713178519,69.8441222570533,28.1622344202392
