"uas_flight","green_ave","red_ave","rededge_ave","nir_ave","green_sd","red_sd","rededge_sd","nir_sd","chm_ave","chm_sd"
"SewPen_SOLO_20220708_Teller_MM27_Flight1_MBS.tif",65535,65535,65535,65535,0,0,0,0,17.5360725308642,9.98759846905123
"SewPen_SOLO_20220711_Teller_MM27_Flight4_MBS.tif",1095.42984542212,615.71016646849,9089.61028537455,15337.5790725327,170.485269195445,116.435942467424,1596.44017534249,3024.69289825334,17.5360725308642,9.98759846905123
"SewPen_SOLO_20220711_Teller_MM27_Flight5_MBS.tif",1374.99074074074,782.558984910837,8592.04183813443,16671.5154320988,182.160109723875,137.341900193445,1135.12366890287,2528.33390332279,17.5360725308642,9.98759846905123
