"uas_flight","green_ave","red_ave","rededge_ave","nir_ave","green_sd","red_sd","rededge_sd","nir_sd","chm_ave","chm_sd"
"SewPen_SOLO_20220711_Teller_MM27_Flight5_MBS.tif",1256.06555555556,1610.95722222222,5906.4325,8123.22055555556,101.638336053005,212.426731505032,517.734526738494,777.542333781346,5.63906178743545,4.29774646922936
"SewPen_SOLO_20220711_Teller_MM27_Flight6_MBS.tif",1320.63155065843,1616.49771566783,4826.63961300726,6407.303413061,119.665660869713,222.96911777495,714.131041203947,1097.25719929759,5.63906178743545,4.29774646922936
"SewPen_SOLO_20220711_Teller_MM27_Flight7_MBS.tif",65535,65535,65535,65535,0,0,0,0,5.63906178743545,4.29774646922936
