"uas_flight","green_ave","red_ave","rededge_ave","nir_ave","green_sd","red_sd","rededge_sd","nir_sd","chm_ave","chm_sd"
"SewPen_SOLO_20220711_Teller_MM27_Flight4_MBS.tif",1193.32132132132,1066.16246246246,8499.80165165165,13171.2135135135,256.65501323966,490.914861400281,1432.88608366309,2770.01091201427,55.5694497883801,29.7764233564595
"SewPen_SOLO_20220711_Teller_MM27_Flight5_MBS.tif",1210.91029900332,1083.06029900332,8645.57940199335,12674.1586378738,248.675473669524,497.786700426357,1291.36474667795,2534.76643830231,55.5694497883801,29.7764233564595
