"uas_flight","green_ave","red_ave","rededge_ave","nir_ave","green_sd","red_sd","rededge_sd","nir_sd","chm_ave","chm_sd"
"SewPen_SOLO_20220711_Teller_MM27_Flight4_MBS.tif",65535,65535,65535,65535,0,0,0,0,3.42476851851852,3.24496534186174
"SewPen_SOLO_20220711_Teller_MM27_Flight5_MBS.tif",1099.28352593389,1093.84600913733,7996.57565170653,10376.2381080355,78.7590545744229,203.572663286181,892.378476253277,1316.20644655616,3.42476851851852,3.24496534186174
"SewPen_SOLO_20220711_Teller_MM27_Flight6_MBS.tif",1351.43184183143,1160.92273673257,7598.06555671176,10483.4422476587,120.859271912516,263.993800172437,747.138469185114,1220.96828223932,3.42476851851852,3.24496534186174
"SewPen_SOLO_20220711_Teller_MM27_Flight7_MBS.tif",65535,65535,65535,65535,0,0,0,0,3.42476851851852,3.24496534186174
