"uas_flight","green_ave","red_ave","rededge_ave","nir_ave","green_sd","red_sd","rededge_sd","nir_sd","chm_ave","chm_sd"
"SewPen_SOLO_20220711_Teller_MM27_Flight7_MBS.tif",1434.68337264151,1189.64121462264,6062.80925707547,9069.52505896226,187.582666681505,204.082972670577,1100.34833652329,2102.64190124442,30.131794976167,19.3251243916296
"SewPen_SOLO_20220711_Teller_MM27_Flight8_MBS.tif",1059.35213243547,895.898148148148,6298.76290684624,8710.3184624018,160.703588319762,167.624297594106,1714.77285903552,2735.65532519178,30.131794976167,19.3251243916296
"SewPen_SOLO_20220713_Teller_MM27_Flight10_MBS.tif",1864.68873812754,1401.78968792402,7273.91071913161,8729.81736770692,239.406290380346,241.062498377116,1258.92012387272,1564.58035051107,30.131794976167,19.3251243916296
"SewPen_SOLO_20220713_Teller_MM27_Flight11_MBS.tif",2148.29490546218,1269.72741596639,7071.49107142857,9239.1512605042,438.676108405065,392.065919290396,1756.28677515648,2497.94380820408,30.131794976167,19.3251243916296
"SewPen_SOLO_20220713_Teller_MM27_Flight12_MBS.tif",65535,65535,65535,65535,0,0,0,0,30.131794976167,19.3251243916296
