"uas_flight","green_ave","red_ave","rededge_ave","nir_ave","green_sd","red_sd","rededge_sd","nir_sd","chm_ave","chm_sd"
"SewPen_SOLO_20220711_Teller_MM27_Flight4_MBS.tif",65535,65535,65535,65535,0,0,0,0,0.435802469135802,1.31989968534485
"SewPen_SOLO_20220711_Teller_MM27_Flight5_MBS.tif",931.136885245902,942.265573770492,6075.80601092896,7830.51830601093,127.007533159364,171.021693796993,911.563964874285,1323.51830799878,0.435802469135802,1.31989968534485
"SewPen_SOLO_20220711_Teller_MM27_Flight6_MBS.tif",1146.46670135276,1225.1906867846,4967.8644640999,6577.51612903226,194.557535428949,321.323019335328,842.698399396861,1280.30710520272,0.435802469135802,1.31989968534485
"SewPen_SOLO_20220711_Teller_MM27_Flight7_MBS.tif",65535,65535,65535,65535,0,0,0,0,0.435802469135802,1.31989968534485
