"uas_flight","green_ave","red_ave","rededge_ave","nir_ave","green_sd","red_sd","rededge_sd","nir_sd","chm_ave","chm_sd"
"SewPen_SOLO_20220711_Teller_MM27_Flight6_MBS.tif",65535,65535,65535,65535,0,0,0,0,4.31877411265432,4.31723740962072
"SewPen_SOLO_20220711_Teller_MM27_Flight7_MBS.tif",1466.0079338843,1502.41223140496,7653.71867768595,11893.1689256198,194.386374953906,439.489310620048,437.672842499672,955.621107595861,4.31877411265432,4.31723740962072
"SewPen_SOLO_20220711_Teller_MM27_Flight8_MBS.tif",1180.75281954887,1256.03790726817,7542.65977443609,10388.7778822055,123.105265082422,330.7473150358,438.345038850962,722.976254689185,4.31877411265432,4.31723740962072
"SewPen_SOLO_20220713_Teller_MM27_Flight10_MBS.tif",2057.01231148046,1137.1215758695,9432.57525392428,13182.4764542936,218.581145602526,277.022266058339,915.322908285255,1417.17374313865,4.31877411265432,4.31723740962072
"SewPen_SOLO_20220713_Teller_MM27_Flight11_MBS.tif",2489.54310344828,1278.67419738407,8729.78686087991,12740.7957788347,239.724246101426,299.564382371053,700.243379842861,1050.97812061947,4.31877411265432,4.31723740962072
