"uas_flight","green_ave","red_ave","rededge_ave","nir_ave","green_sd","red_sd","rededge_sd","nir_sd","chm_ave","chm_sd"
"SewPen_SOLO_20220711_Teller_MM27_Flight7_MBS.tif",65535,65535,65535,65535,0,0,0,0,11.041171875,5.5238179416447
"SewPen_SOLO_20220711_Teller_MM27_Flight8_MBS.tif",64534.2155612245,64537.1179846939,64611.1792091837,64678.6642219388,7944.74944819954,7921.71582501111,7334.02389159696,6798.5942230512,11.041171875,5.5238179416447
"SewPen_SOLO_20220713_Teller_MM27_Flight10_MBS.tif",1351.73499538319,858.122499230533,6812.81040320099,8959.07232994768,181.590702233432,203.375471185585,879.301105700053,1120.22329153931,11.041171875,5.5238179416447
"SewPen_SOLO_20220713_Teller_MM27_Flight11_MBS.tif",1392.41982148353,1019.40350877193,8169.540473992,10475.1298861188,244.456140456704,360.479774888201,980.764593617395,1246.0481755472,11.041171875,5.5238179416447
"SewPen_SOLO_20220713_Teller_MM27_Flight12_MBS.tif",2225.29869684499,1264.36316872428,8602.84293552812,11519.8604252401,274.608335987532,319.058083295287,1109.51389972169,1423.00420284032,11.041171875,5.5238179416447
