"uas_flight","green_ave","red_ave","rededge_ave","nir_ave","green_sd","red_sd","rededge_sd","nir_sd","chm_ave","chm_sd"
"SewPen_SOLO_20220711_Teller_MM27_Flight4_MBS.tif",65535,65535,65535,65535,0,0,0,0,28.591975308642,4.61904468588078
"SewPen_SOLO_20220711_Teller_MM27_Flight5_MBS.tif",1310.73716742811,1597.52512765386,8019.67616232196,10091.0674549852,199.031453821114,434.945362994565,855.097396951371,1244.29089881696,28.591975308642,4.61904468588078
"SewPen_SOLO_20220711_Teller_MM27_Flight6_MBS.tif",1813.92617787856,2235.73922902494,6242.36356764928,8646.21869488536,128.201780072822,282.553483510399,584.566793688486,892.967588976729,28.591975308642,4.61904468588078
"SewPen_SOLO_20220711_Teller_MM27_Flight7_MBS.tif",65535,65535,65535,65535,0,0,0,0,28.591975308642,4.61904468588078
