"uas_flight","green_ave","red_ave","rededge_ave","nir_ave","green_sd","red_sd","rededge_sd","nir_sd","chm_ave","chm_sd"
"SewPen_SOLO_20220708_Teller_MM27_Flight1_MBS.tif",1368.27185857621,728.050071667463,7757.54352603918,12521.5525083612,331.587511621554,309.520005751613,1862.4144353235,2839.38755818924,44.1554975922953,24.560852199508
"SewPen_SOLO_20220711_Teller_MM27_Flight4_MBS.tif",57906.0228974565,57855.7690451142,58726.5905687233,59595.1399839099,20764.1794970929,20901.0197768783,18533.0781134811,16181.8495145926,44.1554975922953,24.560852199508
