"uas_flight","green_ave","red_ave","rededge_ave","nir_ave","green_sd","red_sd","rededge_sd","nir_sd","chm_ave","chm_sd"
"SewPen_SOLO_20220711_Teller_MM27_Flight5_MBS.tif",65535,65535,65535,65535,0,0,0,0,3.70828125,3.73382776036056
"SewPen_SOLO_20220711_Teller_MM27_Flight6_MBS.tif",1369.95452141724,1421.83289264939,6315.32363828662,8492.18720253834,220.325802958411,421.383510651484,677.474836353563,1049.81648242735,3.70828125,3.73382776036056
"SewPen_SOLO_20220711_Teller_MM27_Flight7_MBS.tif",1390.79404958678,1460.08396694215,6907.56330578512,9015.8026446281,202.932874497659,401.634661123768,659.274399752457,996.652741378744,3.70828125,3.73382776036056
"SewPen_SOLO_20220711_Teller_MM27_Flight8_MBS.tif",65535,65535,65535,65535,0,0,0,0,3.70828125,3.73382776036056
