"uas_flight","green_ave","red_ave","rededge_ave","nir_ave","green_sd","red_sd","rededge_sd","nir_sd","chm_ave","chm_sd"
"SewPen_SOLO_20220711_Teller_MM27_Flight4_MBS.tif",1323.40384615385,1149.77908653846,8300.12115384615,11488.9170673077,141.441850085571,304.816419779017,746.218566708135,1232.17789721073,11.345,4.79673144952306
"SewPen_SOLO_20220711_Teller_MM27_Flight5_MBS.tif",1244.46466003762,1153.59661381349,8414.00725611395,11088.7715667831,135.79328217781,320.095281310992,811.070038409384,1255.28949814309,11.345,4.79673144952306
"SewPen_SOLO_20220711_Teller_MM27_Flight6_MBS.tif",65535,65535,65535,65535,0,0,0,0,11.345,4.79673144952306
