"uas_flight","green_ave","red_ave","rededge_ave","nir_ave","green_sd","red_sd","rededge_sd","nir_sd","chm_ave","chm_sd"
"SewPen_SOLO_20220711_Teller_MM27_Flight6_MBS.tif",65535,65535,65535,65535,0,0,0,0,5.24151662049861,3.57308256597244
"SewPen_SOLO_20220711_Teller_MM27_Flight7_MBS.tif",1319.92383107089,1376.4939668175,6411.67835595777,9163.30542986425,123.368762693005,202.983418446596,683.290108078866,1062.67297455493,5.24151662049861,3.57308256597244
"SewPen_SOLO_20220711_Teller_MM27_Flight8_MBS.tif",1273.67141331435,1303.88074047704,6767.19188323247,9280.94624421502,115.168434984769,214.783820164787,681.526052717272,1101.85200105243,5.24151662049861,3.57308256597244
"SewPen_SOLO_20220713_Teller_MM27_Flight10_MBS.tif",2190.15877914952,1536.47325102881,6900.6450617284,9584.37242798354,282.427094972062,298.201606152674,1006.50679915952,1385.9675790593,5.24151662049861,3.57308256597244
"SewPen_SOLO_20220713_Teller_MM27_Flight11_MBS.tif",3121.83535353535,1359.9569023569,8175.53872053872,12672.0195286195,250.877429912097,177.627217095568,1028.34480275851,1734.78136652687,5.24151662049861,3.57308256597244
