"uas_flight","green_ave","red_ave","rededge_ave","nir_ave","green_sd","red_sd","rededge_sd","nir_sd","chm_ave","chm_sd"
"SewPen_SOLO_20220708_Teller_MM27_Flight1_MBS.tif",1498.17455621302,814.943417159763,8095.20229289941,11815.7696005917,166.717223123256,247.722476937462,907.919391812686,1218.59143765272,11.33140625,4.59206473172489
"SewPen_SOLO_20220711_Teller_MM27_Flight4_MBS.tif",65535,65535,65535,65535,0,0,0,0,11.33140625,4.59206473172489
