"uas_flight","green_ave","red_ave","rededge_ave","nir_ave","green_sd","red_sd","rededge_sd","nir_sd","chm_ave","chm_sd"
"SewPen_SOLO_20220708_Teller_MM27_Flight1_MBS.tif",1279.29585798817,854.693786982249,7750.60872781065,11948.9241863905,388.336100387384,461.151056461897,1624.03690621445,2218.85973784747,2.5390625,2.50307622504253
"SewPen_SOLO_20220711_Teller_MM27_Flight4_MBS.tif",65535,65535,65535,65535,0,0,0,0,2.5390625,2.50307622504253
