"uas_flight","green_ave","red_ave","rededge_ave","nir_ave","green_sd","red_sd","rededge_sd","nir_sd","chm_ave","chm_sd"
"SewPen_SOLO_20220708_Teller_MM27_Flight1_MBS.tif",1344.93723994452,624.031726768377,9559.52531206657,15865.1704230236,295.748672844548,140.443354809613,2065.17668227878,3057.87609451012,50.6725236108061,26.9743675182578
"SewPen_SOLO_20220711_Teller_MM27_Flight4_MBS.tif",51844.4406074241,51729.133408324,53481.8737907762,55548.0079865017,26252.0183447362,26473.1148955312,23113.1431167493,19164.5991601823,50.6725236108061,26.9743675182578
