"uas_flight","green_ave","red_ave","rededge_ave","nir_ave","green_sd","red_sd","rededge_sd","nir_sd","chm_ave","chm_sd"
"SewPen_SOLO_20220711_Teller_MM27_Flight7_MBS.tif",1692.74710743802,1887.20892561983,6748.30347107438,9617.16495867769,145.082691182707,272.876790349257,529.721736567712,835.544539096527,4.51173601585124,3.19783429362657
"SewPen_SOLO_20220711_Teller_MM27_Flight8_MBS.tif",1582.89411027569,1853.60526315789,6881.16102756892,8952.27005012531,272.697508462541,468.35162733685,523.634817893881,812.291587081492,4.51173601585124,3.19783429362657
"SewPen_SOLO_20220713_Teller_MM27_Flight10_MBS.tif",2312.15635580179,2370.40935672515,7889.43274853801,9371.11049553709,318.986169424715,494.88684566368,942.923644768315,1107.45149224521,4.51173601585124,3.19783429362657
"SewPen_SOLO_20220713_Teller_MM27_Flight11_MBS.tif",3285.70154577883,2630.83620689655,8756.55975029727,10696.37039239,471.691701286058,669.117764254748,786.506550113886,1059.40797690021,4.51173601585124,3.19783429362657
"SewPen_SOLO_20220713_Teller_MM27_Flight12_MBS.tif",65535,65535,65535,65535,0,0,0,0,4.51173601585124,3.19783429362657
