uas_flight,green_ave,red_ave,rededge_ave,nir_ave,green_sd,red_sd,rededge_sd,nir_sd,chm_ave,chm_sd
SewPen_SOLO_20220711_Teller_MM27_Flight7_MBS.tif,1319.924,1376.494,6411.678,9163.305,123.3687627,202.9834184,683.2901081,1062.672975,5.24151662,3.573082566
SewPen_SOLO_20220711_Teller_MM27_Flight8_MBS.tif,1273.671,1303.881,6767.192,9280.946,115.168435,214.7838202,681.5260527,1101.852001,5.24151662,3.573082566
SewPen_SOLO_20220713_Teller_MM27_Flight10_MBS.tif,2190.159,1536.473,6900.645,9584.372,282.427095,298.2016062,1006.506799,1385.967579,5.24151662,3.573082566
SewPen_SOLO_20220713_Teller_MM27_Flight11_MBS.tif,3121.835,1359.957,8175.539,12672.020,250.8774299,177.6272171,1028.344803,1734.781367,5.24151662,3.573082566
