uas_flight,green_ave,red_ave,rededge_ave,nir_ave,green_sd,red_sd,rededge_sd,nir_sd,chm_ave,chm_sd
SewPen_SOLO_20220708_Teller_MM27_Flight1_MBS.tif,1528.304267,1265.726531,7851.683488,11871.61299,249.7355026,405.3571338,1201.334203,1605.90004,72.15166932,30.48273119
