uas_flight,green_ave,red_ave,rededge_ave,nir_ave,green_sd,red_sd,rededge_sd,nir_sd,chm_ave,chm_sd
SewPen_SOLO_20220713_Teller_MM27_Flight12_MBS.tif,1426.779356,604.4649621,7678.171402,11042.90909,577.3187211,248.9516002,2430.189849,3233.697099,9.022163121,6.483439311
