uas_flight,green_ave,red_ave,rededge_ave,nir_ave,green_sd,red_sd,rededge_sd,nir_sd,chm_ave,chm_sd
SewPen_SOLO_20220711_Teller_MM27_Flight5_MBS.tif,888.7969328,862.3881544,5985.835272,7538.802221,125.8562002,116.5705812,1269.34971,1887.604336,18.61080247,12.19930469
SewPen_SOLO_20220711_Teller_MM27_Flight6_MBS.tif,1109.240375,803.8038502,5952.587669,8304.028616,131.9081047,127.6919169,1184.67292,1980.918818,18.61080247,12.19930469
