uas_flight,green_ave,red_ave,rededge_ave,nir_ave,green_sd,red_sd,rededge_sd,nir_sd,chm_ave,chm_sd
SewPen_SOLO_20220708_Teller_MM27_Flight1_MBS.tif,1343.948936,960.6688588,7428.099807,11236.46074,275.9843747,371.7146262,1366.964229,1915.467289,31.96680097,19.44560086
