uas_flight,green_ave,red_ave,rededge_ave,nir_ave,green_sd,red_sd,rededge_sd,nir_sd,chm_ave,chm_sd
SewPen_SOLO_20220708_Teller_MM27_Flight1_MBS.tif,1420.655695,895.868713,7987.882027,11400.26294,170.5868637,294.3251003,983.0038461,1243.156661,5.037037037,4.871098292
