"uas_flight","green_ave","red_ave","rededge_ave","nir_ave","green_sd","red_sd","rededge_sd","nir_sd","chm_ave","chm_sd"
"SewPen_SOLO_20220711_Teller_MM27_Flight4_MBS.tif",1088.90405273438,1127.87548828125,7416.94897460938,10370.810546875,125.522041799304,285.720566078299,1207.93389374463,1862.07488658981,10.6055119371896,5.27622829285229
"SewPen_SOLO_20220711_Teller_MM27_Flight5_MBS.tif",1105.71694444444,1206.50527777778,7368.73305555556,9747.76916666667,125.992679154154,290.883783243734,1135.18205255061,1697.95910763389,10.6055119371896,5.27622829285229
