uas_flight,green_ave,red_ave,rededge_ave,nir_ave,green_sd,red_sd,rededge_sd,nir_sd,chm_ave,chm_sd
SewPen_SOLO_20220713_Teller_MM27_Flight12_MBS.tif,3015.823802,1849.443636,7392.335207,11701.34711,256.0406101,240.1678375,776.5337133,1284.109042,1.067901235,1.878254152
