uas_flight,green_ave,red_ave,rededge_ave,nir_ave,green_sd,red_sd,rededge_sd,nir_sd,chm_ave,chm_sd
SewPen_SOLO_20220713_Teller_MM27_Flight12_MBS.tif,2745.099174,1884.878017,7939.01719,11888.99802,174.5757748,279.9744544,899.6133045,1222.582025,5.598689224,3.753542001
