uas_flight,green_ave,red_ave,rededge_ave,nir_ave,green_sd,red_sd,rededge_sd,nir_sd,chm_ave,chm_sd
SewPen_SOLO_20220711_Teller_MM27_Flight4_MBS.tif,1193.321321,1066.162462,8499.801652,13171.21351,256.6550132,490.9148614,1432.886084,2770.010912,55.56944979,29.77642336
SewPen_SOLO_20220711_Teller_MM27_Flight5_MBS.tif,1210.910299,1083.060299,8645.579402,12674.15864,248.6754737,497.7867004,1291.364747,2534.766438,55.56944979,29.77642336
