uas_flight,green_ave,red_ave,rededge_ave,nir_ave,green_sd,red_sd,rededge_sd,nir_sd,chm_ave,chm_sd
SewPen_SOLO_20220711_Teller_MM27_Flight7_MBS.tif,1400.719927,1532.190083,6939.846648,9479.589532,133.344622,420.0011988,1278.308791,2194.982941,13.59182372,12.67467615
SewPen_SOLO_20220711_Teller_MM27_Flight8_MBS.tif,1327.710084,1626.053782,5909.376471,7937.892437,101.5154928,227.9156709,673.6492409,1020.270355,13.59182372,12.67467615
