uas_flight,green_ave,red_ave,rededge_ave,nir_ave,green_sd,red_sd,rededge_sd,nir_sd,chm_ave,chm_sd
SewPen_SOLO_20220708_Teller_MM27_Flight1_MBS.tif,1243.888266,738.0024929,7895.895032,11623.8442,185.4475326,217.123921,1314.759125,1723.058632,19.19686292,12.43769316
