uas_flight,green_ave,red_ave,rededge_ave,nir_ave,green_sd,red_sd,rededge_sd,nir_sd,chm_ave,chm_sd
SewPen_SOLO_20220711_Teller_MM27_Flight4_MBS.tif,1644.179932,1000.42041,9102.23999,15022.55933,122.6243102,137.9332482,707.3479674,1357.359547,20.5425,4.790605877
