uas_flight,green_ave,red_ave,rededge_ave,nir_ave,green_sd,red_sd,rededge_sd,nir_sd,chm_ave,chm_sd
SewPen_SOLO_20220711_Teller_MM27_Flight6_MBS.tif,1110.991,1134.377,4817.490,6480.786,113.6789556,270.5024215,1031.123437,1510.511425,7.322486,3.998702157
SewPen_SOLO_20220711_Teller_MM27_Flight7_MBS.tif,1155.943,1363.501,5108.404,6530.594,119.958468,293.9567911,1029.337953,1438.771761,7.322486,3.998702157
