"uas_flight","green_ave","red_ave","rededge_ave","nir_ave","green_sd","red_sd","rededge_sd","nir_sd","chm_ave","chm_sd"
"SewPen_SOLO_20220708_Teller_MM27_Flight1_MBS.tif",1795.06915680473,1039.74075443787,6877.55695266272,11353.1390532544,169.226579606053,192.529870713237,924.752437745916,1269.61463936438,12.0067901234568,4.94157407927986
"SewPen_SOLO_20220711_Teller_MM27_Flight4_MBS.tif",1313.49704142012,867.535621301775,8361.80923076923,15784.3768047337,122.235769657509,85.9905475240908,720.828392910903,1572.06817688555,12.0067901234568,4.94157407927986
