uas_flight,green_ave,red_ave,rededge_ave,nir_ave,green_sd,red_sd,rededge_sd,nir_sd,chm_ave,chm_sd
SewPen_SOLO_20220708_Teller_MM27_Flight1_MBS.tif,1279.295858,854.693787,7750.608728,11948.92419,388.3361004,461.1510565,1624.036906,2218.859738,2.5390625,2.503076225
