uas_flight,green_ave,red_ave,rededge_ave,nir_ave,green_sd,red_sd,rededge_sd,nir_sd,chm_ave,chm_sd
SewPen_SOLO_20220711_Teller_MM27_Flight6_MBS.tif,1149.650364,1204.907648,4996.353538,6523.525494,121.4818687,171.0575973,1029.610433,1537.591759,5.706881752,3.695498555
SewPen_SOLO_20220711_Teller_MM27_Flight7_MBS.tif,1235.271753,1317.152273,5470.067208,7223.534091,127.0492683,202.2892526,1165.248324,1795.110652,5.706881752,3.695498555
