uas_flight,green_ave,red_ave,rededge_ave,nir_ave,green_sd,red_sd,rededge_sd,nir_sd,chm_ave,chm_sd
SewPen_SOLO_20220711_Teller_MM27_Flight5_MBS.tif,1221.149,1515.689,5916.503,8125.663,118.2889449,218.987902,636.048273,980.91802,5.818673469,4.028378454
SewPen_SOLO_20220711_Teller_MM27_Flight6_MBS.tif,1339.056,1688.528,4656.876,6119.961,144.9733622,242.3955705,573.8738903,842.5520754,5.818673469,4.028378454
