uas_flight,green_ave,red_ave,rededge_ave,nir_ave,green_sd,red_sd,rededge_sd,nir_sd,chm_ave,chm_sd
SewPen_SOLO_20220711_Teller_MM27_Flight7_MBS.tif,1494.819,1840.956,6461.432,8537.858,148.7259793,230.0462134,885.9836637,1261.076905,3.515884452,3.347189
SewPen_SOLO_20220711_Teller_MM27_Flight8_MBS.tif,1381.758,1705.741,6284.458,8341.561,137.2148116,286.3917022,921.4525577,1406.967543,3.515884452,3.347189
