uas_flight,green_ave,red_ave,rededge_ave,nir_ave,green_sd,red_sd,rededge_sd,nir_sd,chm_ave,chm_sd
SewPen_SOLO_20220711_Teller_MM27_Flight4_MBS.tif,1309.890602,809.4043233,9274.198684,14778.63383,161.4291889,173.6447684,1184.016985,2071.249037,14.42202057,17.57730124
SewPen_SOLO_20220711_Teller_MM27_Flight5_MBS.tif,1488.998948,926.6119529,9370.96612,16109.31965,168.870671,190.4673104,943.7218641,1834.153394,14.42202057,17.57730124
