uas_flight,green_ave,red_ave,rededge_ave,nir_ave,green_sd,red_sd,rededge_sd,nir_sd,chm_ave,chm_sd
SewPen_SOLO_20220711_Teller_MM27_Flight7_MBS.tif,1491.073232,1666.379293,7417.634848,10048.66263,133.6611457,283.6180204,568.1193886,899.493511,8.041381836,4.236656516
SewPen_SOLO_20220711_Teller_MM27_Flight8_MBS.tif,1317.77679,1537.17679,6011.364938,8379.755062,132.6365862,331.1748675,619.0880036,1064.851554,8.041381836,4.236656516
