uas_flight,green_ave,red_ave,rededge_ave,nir_ave,green_sd,red_sd,rededge_sd,nir_sd,chm_ave,chm_sd
SewPen_SOLO_20220711_Teller_MM27_Flight6_MBS.tif,1618.544745,1896.034339,5071.753642,7417.566857,144.917965,228.724671,489.5804195,745.6962063,3.396446796,1.921434816
SewPen_SOLO_20220711_Teller_MM27_Flight7_MBS.tif,1427.564959,1895.329256,5057.190744,6531.04562,153.2089811,222.9665269,580.7888419,799.9903521,3.396446796,1.921434816
