"uas_flight","green_ave","red_ave","rededge_ave","nir_ave","green_sd","red_sd","rededge_sd","nir_sd","chm_ave","chm_sd"
"SewPen_SOLO_20220708_Teller_MM27_Flight1_MBS.tif",1304.85738968634,669.991493886231,9076.4548112706,13713.8999202552,244.467591499944,185.043759156636,1982.28084745486,2804.64183044957,44.7127949183303,20.7696414095267
