"uas_flight","green_ave","red_ave","rededge_ave","nir_ave","green_sd","red_sd","rededge_sd","nir_sd","chm_ave","chm_sd"
"SewPen_SOLO_20220713_Teller_MM27_Flight10_MBS.tif",1783.85572649573,876.627863247863,6066.4105982906,9991.53025641026,193.980298845233,228.333333696263,710.091657007147,1227.35684248598,33.1999653889418,17.9363825207003
"SewPen_SOLO_20220713_Teller_MM27_Flight11_MBS.tif",1678.89855072464,1417.78244400527,6026.99967061924,9767.73468379447,192.705193582177,270.681822297888,855.453349713692,1538.09459011454,33.1999653889418,17.9363825207003
"SewPen_SOLO_20220713_Teller_MM27_Flight12_MBS.tif",1698.94336084021,1025.21061515379,7382.99474868717,9523.61234058515,272.517727871618,377.216734176898,1208.21665539452,1648.07788897819,33.1999653889418,17.9363825207003
