uas_flight,green_ave,red_ave,rededge_ave,nir_ave,green_sd,red_sd,rededge_sd,nir_sd,chm_ave,chm_sd
SewPen_SOLO_20220711_Teller_MM27_Flight6_MBS.tif,1446.737253,1512.317638,6482.646982,8588.091311,305.8190917,519.9878011,695.0091959,1013.065719,13.64933449,9.240512223
SewPen_SOLO_20220711_Teller_MM27_Flight7_MBS.tif,1388.953058,1343.198017,7243.930248,9623.801322,221.9855977,453.7851071,848.7955745,1351.496515,13.64933449,9.240512223
