uas_flight,green_ave,red_ave,rededge_ave,nir_ave,green_sd,red_sd,rededge_sd,nir_sd,chm_ave,chm_sd
SewPen_SOLO_20220711_Teller_MM27_Flight4_MBS.tif,1832.468262,2032.524902,7825.746094,11852.72754,346.5370862,551.8683841,1150.578096,2193.000008,27.61281646,5.71404848
SewPen_SOLO_20220711_Teller_MM27_Flight5_MBS.tif,1327.994444,1723.256667,7459.321389,9279.087222,255.7721389,485.2479052,1224.593394,1746.749177,27.61281646,5.71404848
