uas_flight,green_ave,red_ave,rededge_ave,nir_ave,green_sd,red_sd,rededge_sd,nir_sd,chm_ave,chm_sd
SewPen_SOLO_20220711_Teller_MM27_Flight5_MBS.tif,1199.853552,1310.668579,8339.870492,10441.76803,141.1702907,301.3657937,851.3438058,1329.365247,10.01484375,10.74660615
SewPen_SOLO_20220711_Teller_MM27_Flight6_MBS.tif,1587.937864,1563.273665,7194.706504,10104.28689,215.573045,411.3357544,662.9417725,1095.136549,10.01484375,10.74660615
