"uas_flight","green","red","rededge","nir"
"SewPen_SOLO_20220708_Teller_MM27_Flight1_MBS.tif",1368.27185857621,728.050071667463,7757.54352603918,12521.5525083612
"SewPen_SOLO_20220711_Teller_MM27_Flight4_MBS.tif",57906.0228974565,57855.7690451142,58726.5905687233,59595.1399839099
