"uas_flight","green","red","rededge","nir"
"SewPen_SOLO_20220708_Teller_MM27_Flight1_MBS.tif",1715.74038461538,1079.62721893491,6817.07322485207,9954.9201183432
