"uas_flight","green","red","rededge","nir"
"SewPen_SOLO_20220708_Teller_MM27_Flight1_MBS.tif",1626.91226215645,1014.86469344609,9023.06289640592,14371.4281183932
