uas_flight,green,red,rededge,nir
SewPen_SOLO_20220711_Teller_MM27_Flight4_MBS.tif,1323.403846,1149.779087,8300.121154,11488.91707
SewPen_SOLO_20220711_Teller_MM27_Flight5_MBS.tif,1244.46466,1153.596614,8414.007256,11088.77157
