uas_flight,green,red,rededge,nir
SewPen_SOLO_20220711_Teller_MM27_Flight5_MBS.tif,1310.737167,1597.525128,8019.676162,10091.06745
SewPen_SOLO_20220711_Teller_MM27_Flight6_MBS.tif,1813.926178,2235.739229,6242.363568,8646.218695
