uas_flight,green,red,rededge,nir
SewPen_SOLO_20220711_Teller_MM27_Flight4_MBS.tif,1361.526786,1434.258585,7931.447115,11373.12054
SewPen_SOLO_20220711_Teller_MM27_Flight5_MBS.tif,1414.156719,1475.363881,8079.948017,11414.33462
