uas_flight,green,red,rededge,nir
SewPen_SOLO_20220711_Teller_MM27_Flight4_MBS.tif,1025.932826,687.4729975,8673.384439,13929.45959
SewPen_SOLO_20220711_Teller_MM27_Flight5_MBS.tif,1145.572511,771.5731872,8730.357549,14390.68304
