"uas_flight","green","red","rededge","nir"
"SewPen_SOLO_20220708_Teller_MM27_Flight1_MBS.tif",1573.45016722408,669.92530657748,10453.8813823857,19515.4994425864
