"uas_flight","green","red","rededge","nir"
"SewPen_SOLO_20220713_Teller_MM27_Flight10_MBS.tif",65535,65535,65535,65535
"SewPen_SOLO_20220713_Teller_MM27_Flight12_MBS.tif",3015.82380165289,1849.44363636364,7392.33520661157,11701.347107438
