"uas_flight","green","red","rededge","nir"
"SewPen_SOLO_20220713_Teller_MM27_Flight10_MBS.tif",1830.46218995765,1070.83182093164,5714.74047186933,8966.37840290381
"SewPen_SOLO_20220713_Teller_MM27_Flight11_MBS.tif",1709.38079667063,1331.03656361474,5934.33442330559,9185.58234244946
"SewPen_SOLO_20220713_Teller_MM27_Flight12_MBS.tif",1568.10148760331,1031.64495867769,6941.85090909091,8633.08561983471
