"uas_flight","green","red","rededge","nir"
"SewPen_SOLO_20220711_Teller_MM27_Flight5_MBS.tif",65535,65535,65535,65535
"SewPen_SOLO_20220711_Teller_MM27_Flight6_MBS.tif",1610.18996415771,1751.62083973374,6970.18791602663,9254.85842293907
"SewPen_SOLO_20220711_Teller_MM27_Flight7_MBS.tif",1802.88647959184,1896.30197704082,7265.69387755102,10492.4725765306
