"uas_flight","green","red","rededge","nir"
"SewPen_SOLO_20220708_Teller_MM27_Flight1_MBS.tif",27901.7588757396,27257.1261094675,30541.2821745562,35406.1294378698
"SewPen_SOLO_20220711_Teller_MM27_Flight4_MBS.tif",1622.39834319527,1389.50863905325,8183.22414201183,12944.8840236686
