"uas_flight","green","red","rededge","nir"
"SewPen_SOLO_20220711_Teller_MM27_Flight7_MBS.tif",65535,65535,65535,65535
"SewPen_SOLO_20220713_Teller_MM27_Flight10_MBS.tif",1455.81925925926,735.580740740741,7501.45382716049,10087.9980246914
"SewPen_SOLO_20220713_Teller_MM27_Flight11_MBS.tif",1355.97333333333,730.057777777778,7918.79950617284,10490.670617284
"SewPen_SOLO_20220713_Teller_MM27_Flight12_MBS.tif",3161.21146565711,1135.89075175771,9787.65440778799,16128.2433747972
