"uas_flight","green","red","rededge","nir"
"SewPen_SOLO_20220713_Teller_MM27_Flight10_MBS.tif",65535,65535,65535,65535
"SewPen_SOLO_20220713_Teller_MM27_Flight11_MBS.tif",65535,65535,65535,65535
"SewPen_SOLO_20220713_Teller_MM27_Flight12_MBS.tif",1442.7262987013,813.391883116883,7124.12045454545,9669.77532467533
