uas_flight,green,red,rededge,nir
SewPen_SOLO_20220711_Teller_MM27_Flight5_MBS.tif,931.1368852,942.2655738,6075.806011,7830.518306
SewPen_SOLO_20220711_Teller_MM27_Flight6_MBS.tif,1146.466701,1225.190687,4967.864464,6577.516129
