uas_flight,green,red,rededge,nir
SewPen_SOLO_20220711_Teller_MM27_Flight4_MBS.tif,1350.60649,1507.913942,7657.275962,10704.86971
SewPen_SOLO_20220711_Teller_MM27_Flight5_MBS.tif,1314.945355,1552.89918,7706.91694,10129.73497
