"uas_flight","green","red","rededge","nir"
"SewPen_SOLO_20220708_Teller_MM27_Flight1_MBS.tif",1344.93723994452,624.031726768377,9559.52531206657,15865.1704230236
"SewPen_SOLO_20220711_Teller_MM27_Flight4_MBS.tif",51844.4406074241,51729.133408324,53481.8737907762,55548.0079865017
