"uas_flight","green","red","rededge","nir"
"SewPen_SOLO_20220711_Teller_MM27_Flight7_MBS.tif",65535,65535,65535,65535
"SewPen_SOLO_20220713_Teller_MM27_Flight10_MBS.tif",1409.92538265306,704.63743622449,7741.41804846939,9996.38329081633
"SewPen_SOLO_20220713_Teller_MM27_Flight11_MBS.tif",1512.61355529132,690.788347205708,7757.08680142687,9406.18014268728
"SewPen_SOLO_20220713_Teller_MM27_Flight12_MBS.tif",65535,65535,65535,65535
