"uas_flight","green","red","rededge","nir"
"SewPen_SOLO_20220708_Teller_MM27_Flight1_MBS.tif",1704.94166666667,1246.35833333333,8590.93166666667,13529.1466666667
"SewPen_SOLO_20220711_Teller_MM27_Flight4_MBS.tif",4907.47755013078,4600.76482127289,12073.6475588492,20130.7731037489
