uas_flight,green,red,rededge,nir
SewPen_SOLO_20220711_Teller_MM27_Flight5_MBS.tif,1256.065556,1610.957222,5906.4325,8123.220556
SewPen_SOLO_20220711_Teller_MM27_Flight6_MBS.tif,1320.631551,1616.497716,4826.639613,6407.303413
