"uas_flight","green","red","rededge","nir"
"SewPen_SOLO_20220708_Teller_MM27_Flight1_MBS.tif",1343.94893617021,960.668858800774,7428.0998065764,11236.4607350097
"SewPen_SOLO_20220711_Teller_MM27_Flight4_MBS.tif",65535,65535,65535,65535
