"uas_flight","green","red","rededge","nir"
"SewPen_SOLO_20220711_Teller_MM27_Flight4_MBS.tif",1186.42822265625,1017.73608398438,8699.84375,12686.2172851562
"SewPen_SOLO_20220711_Teller_MM27_Flight5_MBS.tif",1255.68360655738,1104.9587431694,8753.03087431694,12561.6150273224
