"uas_flight","green","red","rededge","nir"
"SewPen_SOLO_20220708_Teller_MM27_Flight1_MBS.tif",1304.85738968634,669.991493886231,9076.4548112706,13713.8999202552
