"uas_flight","green","red","rededge","nir"
"SewPen_SOLO_20220711_Teller_MM27_Flight4_MBS.tif",1088.90405273438,1127.87548828125,7416.94897460938,10370.810546875
"SewPen_SOLO_20220711_Teller_MM27_Flight5_MBS.tif",1105.71694444444,1206.50527777778,7368.73305555556,9747.76916666667
