"uas_flight","green","red","rededge","nir"
"SewPen_SOLO_20220713_Teller_MM27_Flight10_MBS.tif",1040.63793103448,713.544887039239,6607.97859690844,13271.8153983353
"SewPen_SOLO_20220713_Teller_MM27_Flight11_MBS.tif",1140.83080070134,743.968147282291,6497.90473407364,12249.5800701344
"SewPen_SOLO_20220713_Teller_MM27_Flight12_MBS.tif",1511.32363636364,706.737520661157,8090.89785123967,11452.5533884298
