uas_flight,green,red,rededge,nir
SewPen_SOLO_20220711_Teller_MM27_Flight6_MBS.tif,1369.954521,1421.832893,6315.323638,8492.187203
SewPen_SOLO_20220711_Teller_MM27_Flight7_MBS.tif,1390.79405,1460.083967,6907.563306,9015.802645
