"uas_flight","green","red","rededge","nir"
"SewPen_SOLO_20220708_Teller_MM27_Flight1_MBS.tif",1396.57692307692,814.030695266272,7761.46523668639,11379.3676035503
