"uas_flight","green","red","rededge","nir"
"SewPen_SOLO_20220711_Teller_MM27_Flight7_MBS.tif",65535,65535,65535,65535
"SewPen_SOLO_20220713_Teller_MM27_Flight10_MBS.tif",2076.16636418633,2102.53297035693,6431.20417422868,7961.00665456745
"SewPen_SOLO_20220713_Teller_MM27_Flight11_MBS.tif",2102.71938168847,1887.54875148633,7976.5805588585,9902.26843043995
"SewPen_SOLO_20220713_Teller_MM27_Flight12_MBS.tif",5463.41190082645,3270.24727272727,9022.71636363636,15173.9348760331
