"uas_flight","green","red","rededge","nir"
"SewPen_SOLO_20220711_Teller_MM27_Flight4_MBS.tif",1829.74267578125,1868.62182617188,7710.388671875,12421.4973144531
"SewPen_SOLO_20220711_Teller_MM27_Flight5_MBS.tif",1281.26928245095,1663.82531577533,7410.29185702768,9333.43482934695
"SewPen_SOLO_20220711_Teller_MM27_Flight6_MBS.tif",1532.00884495317,1426.11134235172,6252.88475546306,9761.05749219563
