"uas_flight","green","red","rededge","nir"
"SewPen_SOLO_20220708_Teller_MM27_Flight1_MBS.tif",1617.10576923077,1038.05029585799,9007.71930473373,13340.249260355
