"uas_flight","green","red","rededge","nir"
"SewPen_SOLO_20220711_Teller_MM27_Flight4_MBS.tif",1750.44067382812,1509.63891601562,8006.16162109375,12536.3857421875
"SewPen_SOLO_20220711_Teller_MM27_Flight5_MBS.tif",1146.79016393443,1200.25109289617,7883.4106557377,9855.86639344262
"SewPen_SOLO_20220711_Teller_MM27_Flight6_MBS.tif",1461.75251189847,1140.81147540984,6704.0240613432,10231.441300899
"SewPen_SOLO_20220711_Teller_MM27_Flight7_MBS.tif",65535,65535,65535,65535
