"uas_flight","green","red","rededge","nir"
"SewPen_SOLO_20220711_Teller_MM27_Flight5_MBS.tif",65535,65535,65535,65535
"SewPen_SOLO_20220711_Teller_MM27_Flight6_MBS.tif",1318.68418560606,1333.01041666667,5996.09753787879,8207.50449810606
"SewPen_SOLO_20220711_Teller_MM27_Flight7_MBS.tif",1384.8229679803,1530.44735221675,6235.56896551724,8366.80172413793
