"uas_flight","green","red","rededge","nir"
"SewPen_SOLO_20220711_Teller_MM27_Flight4_MBS.tif",1679.10304862686,1622.6654069035,8215.79465860418,12610.6510456034
"SewPen_SOLO_20220711_Teller_MM27_Flight5_MBS.tif",1206.91,1389.24861111111,7894.88916666667,10086.3313888889
"SewPen_SOLO_20220711_Teller_MM27_Flight6_MBS.tif",65535,65535,65535,65535
