"uas_flight","green","red","rededge","nir"
"SewPen_SOLO_20220711_Teller_MM27_Flight6_MBS.tif",65535,65535,65535,65535
"SewPen_SOLO_20220711_Teller_MM27_Flight7_MBS.tif",1319.92383107089,1376.4939668175,6411.67835595777,9163.30542986425
"SewPen_SOLO_20220713_Teller_MM27_Flight10_MBS.tif",2190.15877914952,1536.47325102881,6900.6450617284,9584.37242798354
"SewPen_SOLO_20220713_Teller_MM27_Flight11_MBS.tif",3121.83535353535,1359.9569023569,8175.53872053872,12672.0195286195
