uas_flight,green,red,rededge,nir
SewPen_SOLO_20220711_Teller_MM27_Flight4_MBS.tif,1188.839506,780.1356421,9273.681257,14917.77874
SewPen_SOLO_20220711_Teller_MM27_Flight5_MBS.tif,1310.428216,831.3260986,8849.14428,15996.95873
