"uas_flight","green","red","rededge","nir"
"SewPen_SOLO_20220713_Teller_MM27_Flight10_MBS.tif",1783.85572649573,876.627863247863,6066.4105982906,9991.53025641026
"SewPen_SOLO_20220713_Teller_MM27_Flight11_MBS.tif",1678.89855072464,1417.78244400527,6026.99967061924,9767.73468379447
"SewPen_SOLO_20220713_Teller_MM27_Flight12_MBS.tif",1698.94336084021,1025.21061515379,7382.99474868717,9523.61234058515
