"uas_flight","green_ave","red_ave","rededge_ave","nir_ave","green_sd","red_sd","rededge_sd","nir_sd","chm_ave","chm_sd"
"SewPen_SOLO_20220713_Teller_MM27_Flight10_MBS.tif",65535,65535,65535,65535,0,0,0,0,5.59868922420363,3.75354200055062
"SewPen_SOLO_20220713_Teller_MM27_Flight12_MBS.tif",2745.09917355372,1884.87801652893,7939.01719008264,11888.9980165289,174.575774780437,279.97445437376,899.613304474762,1222.58202514069,5.59868922420363,3.75354200055062
