"uas_flight","green_ave","red_ave","rededge_ave","nir_ave","green_sd","red_sd","rededge_sd","nir_sd","chm_ave","chm_sd"
"SewPen_SOLO_20220708_Teller_MM27_Flight1_MBS.tif",1427.41911983348,668.941421349985,6953.01761819804,11040.067573595,353.308059017029,174.423630402859,1712.82020527439,2306.31670111944,20.8915404040404,24.992147719028
"SewPen_SOLO_20220711_Teller_MM27_Flight4_MBS.tif",46675.876546833,46566.3990217657,48623.6588407924,50796.3573000734,29297.4663454869,29467.4862249691,26276.848352966,22927.8514316457,20.8915404040404,24.992147719028
