"uas_flight","green_ave","red_ave","rededge_ave","nir_ave","green_sd","red_sd","rededge_sd","nir_sd","chm_ave","chm_sd"
"SewPen_SOLO_20220711_Teller_MM27_Flight7_MBS.tif",1654.27834710744,1679.25024793388,7439.02016528926,11567.280661157,125.976725867241,333.448738733856,512.744266144047,1114.27721945596,6.35269193672839,6.35783626445144
"SewPen_SOLO_20220711_Teller_MM27_Flight8_MBS.tif",1180.38871173469,1051.99043367347,6844.85682397959,9899.34853316327,81.5830203281771,213.477129353336,685.714416614366,1179.77514767012,6.35269193672839,6.35783626445144
"SewPen_SOLO_20220713_Teller_MM27_Flight10_MBS.tif",1936.41766697445,1301.54416743613,8067.30470914127,10943.0443213296,189.916038476324,254.258957725653,831.913678783089,970.146232441651,6.35269193672839,6.35783626445144
"SewPen_SOLO_20220713_Teller_MM27_Flight11_MBS.tif",2969.37128418549,1955.08293697979,8546.24732461356,11867.6724137931,337.573841556389,397.845137525203,879.413967381769,1287.08913366627,6.35269193672839,6.35783626445144
