"uas_flight","green_ave","red_ave","rededge_ave","nir_ave","green_sd","red_sd","rededge_sd","nir_sd","chm_ave","chm_sd"
"SewPen_SOLO_20220708_Teller_MM27_Flight1_MBS.tif",2022.62455990611,1074.46932678972,9669.54240904726,14660.9954123546,333.251259927887,434.949035288362,1686.69885009902,2531.31826043184,40.2389038634322,29.5965590943107
