"uas_flight","green_ave","red_ave","rededge_ave","nir_ave","green_sd","red_sd","rededge_sd","nir_sd","chm_ave","chm_sd"
"SewPen_SOLO_20220711_Teller_MM27_Flight5_MBS.tif",1221.14919636618,1515.68902865129,5916.5034940601,8125.66317260657,118.288944885193,218.987902030584,636.048273022725,980.91801998731,5.81867346938776,4.02837845403346
"SewPen_SOLO_20220711_Teller_MM27_Flight6_MBS.tif",1339.05624142661,1688.52812071331,4656.87620027435,6119.96090534979,144.973362167147,242.395570479388,573.873890291456,842.552075448928,5.81867346938776,4.02837845403346
"SewPen_SOLO_20220711_Teller_MM27_Flight7_MBS.tif",65535,65535,65535,65535,0,0,0,0,5.81867346938776,4.02837845403346
