"uas_flight","green_ave","red_ave","rededge_ave","nir_ave","green_sd","red_sd","rededge_sd","nir_sd","chm_ave","chm_sd"
"SewPen_SOLO_20220711_Teller_MM27_Flight4_MBS.tif",1829.74267578125,1868.62182617188,7710.388671875,12421.4973144531,151.601910081905,290.206070192781,618.467288045229,1155.32055607713,0.374228395061728,1.53044405729125
"SewPen_SOLO_20220711_Teller_MM27_Flight5_MBS.tif",1281.26928245095,1663.82531577533,7410.29185702768,9333.43482934695,125.05835001442,290.849144495154,846.076277580662,1160.8426921999,0.374228395061728,1.53044405729125
"SewPen_SOLO_20220711_Teller_MM27_Flight6_MBS.tif",1532.00884495317,1426.11134235172,6252.88475546306,9761.05749219563,257.463426534592,407.019707759559,678.850269389723,1307.44258915569,0.374228395061728,1.53044405729125
