"uas_flight","green_ave","red_ave","rededge_ave","nir_ave","green_sd","red_sd","rededge_sd","nir_sd","chm_ave","chm_sd"
"SewPen_SOLO_20220711_Teller_MM27_Flight6_MBS.tif",65535,65535,65535,65535,0,0,0,0,3.51588445216049,3.34718899990759
"SewPen_SOLO_20220711_Teller_MM27_Flight7_MBS.tif",1494.81884297521,1840.95603305785,6461.4320661157,8537.85818181818,148.725979259609,230.046213404434,885.983663700658,1261.07690528046,3.51588445216049,3.34718899990759
"SewPen_SOLO_20220711_Teller_MM27_Flight8_MBS.tif",1381.75814536341,1705.74091478697,6284.45770676692,8341.56140350877,137.214811551088,286.391702153761,921.452557724019,1406.96754348901,3.51588445216049,3.34718899990759
"SewPen_SOLO_20220713_Teller_MM27_Flight10_MBS.tif",29993.3115547489,29181.5889292196,32846.5057471264,35932.5801572898,30184.5161858327,30873.6804684881,27763.5071102942,25147.4517176724,3.51588445216049,3.34718899990759
"SewPen_SOLO_20220713_Teller_MM27_Flight11_MBS.tif",65535,65535,65535,65535,0,0,0,0,3.51588445216049,3.34718899990759
