"uas_flight","green_ave","red_ave","rededge_ave","nir_ave","green_sd","red_sd","rededge_sd","nir_sd","chm_ave","chm_sd"
"SewPen_SOLO_20220711_Teller_MM27_Flight7_MBS.tif",65535,65535,65535,65535,0,0,0,0,3.70304232804233,1.9802495929121
"SewPen_SOLO_20220711_Teller_MM27_Flight8_MBS.tif",1410.56559917355,1066.32386363636,7373.90030991736,12291.1900826446,162.732820562795,235.296927084373,676.198171249329,1187.97993572038,3.70304232804233,1.9802495929121
"SewPen_SOLO_20220713_Teller_MM27_Flight10_MBS.tif",1455.81925925926,735.580740740741,7501.45382716049,10087.9980246914,113.130437870501,107.470298886398,606.865877803908,755.806031275943,3.70304232804233,1.9802495929121
"SewPen_SOLO_20220713_Teller_MM27_Flight11_MBS.tif",1355.97333333333,730.057777777778,7918.79950617284,10490.670617284,150.013149226031,124.318462659827,886.313885514541,1180.11773322813,3.70304232804233,1.9802495929121
"SewPen_SOLO_20220713_Teller_MM27_Flight12_MBS.tif",3161.21146565711,1135.89075175771,9787.65440778799,16128.2433747972,206.739322233689,164.70843965321,704.228314945273,1301.07207386294,3.70304232804233,1.9802495929121
