"uas_flight","green_ave","red_ave","rededge_ave","nir_ave","green_sd","red_sd","rededge_sd","nir_sd","chm_ave","chm_sd"
"SewPen_SOLO_20220711_Teller_MM27_Flight6_MBS.tif",65535,65535,65535,65535,0,0,0,0,8.0413818359375,4.23665651607972
"SewPen_SOLO_20220711_Teller_MM27_Flight7_MBS.tif",1491.07323232323,1666.37929292929,7417.63484848485,10048.6626262626,133.661145663908,283.618020374334,568.119388610116,899.493511021089,8.0413818359375,4.23665651607972
"SewPen_SOLO_20220711_Teller_MM27_Flight8_MBS.tif",1317.77679012346,1537.17679012346,6011.3649382716,8379.7550617284,132.636586154527,331.174867465033,619.088003583606,1064.85155363551,8.0413818359375,4.23665651607972
"SewPen_SOLO_20220713_Teller_MM27_Flight10_MBS.tif",65535,65535,65535,65535,0,0,0,0,8.0413818359375,4.23665651607972
"SewPen_SOLO_20220713_Teller_MM27_Flight11_MBS.tif",65535,65535,65535,65535,0,0,0,0,8.0413818359375,4.23665651607972
