"uas_flight","green_ave","red_ave","rededge_ave","nir_ave","green_sd","red_sd","rededge_sd","nir_sd","chm_ave","chm_sd"
"SewPen_SOLO_20220711_Teller_MM27_Flight6_MBS.tif",65535,65535,65535,65535,0,0,0,0,6.14050925925926,5.16682767395984
"SewPen_SOLO_20220711_Teller_MM27_Flight7_MBS.tif",1304.82467532468,1174.3525974026,6557.2474025974,8792.43928571429,168.569723402979,197.550527228988,925.771447042702,1233.77439421169,6.14050925925926,5.16682767395984
"SewPen_SOLO_20220711_Teller_MM27_Flight8_MBS.tif",1289.85996240602,1394.32142857143,5637.14285714286,7611.26441102757,106.063766353656,172.645484287428,645.538575854833,936.818961087495,6.14050925925926,5.16682767395984
"SewPen_SOLO_20220713_Teller_MM27_Flight10_MBS.tif",65535,65535,65535,65535,0,0,0,0,6.14050925925926,5.16682767395984
"SewPen_SOLO_20220713_Teller_MM27_Flight11_MBS.tif",65535,65535,65535,65535,0,0,0,0,6.14050925925926,5.16682767395984
