"uas_flight","green_ave","red_ave","rededge_ave","nir_ave","green_sd","red_sd","rededge_sd","nir_sd","chm_ave","chm_sd"
"SewPen_SOLO_20220711_Teller_MM27_Flight5_MBS.tif",65535,65535,65535,65535,0,0,0,0,12.0819126157407,4.60306027599044
"SewPen_SOLO_20220711_Teller_MM27_Flight6_MBS.tif",1610.18996415771,1751.62083973374,6970.18791602663,9254.85842293907,289.869581273468,543.418049769488,642.728365344447,1034.50275940094,12.0819126157407,4.60306027599044
"SewPen_SOLO_20220711_Teller_MM27_Flight7_MBS.tif",1802.88647959184,1896.30197704082,7265.69387755102,10492.4725765306,247.664627371918,476.066628841561,539.112947992317,1041.22819356846,12.0819126157407,4.60306027599044
