"uas_flight","green_ave","red_ave","rededge_ave","nir_ave","green_sd","red_sd","rededge_sd","nir_sd","chm_ave","chm_sd"
"SewPen_SOLO_20220708_Teller_MM27_Flight1_MBS.tif",1577.14587878788,894.26896969697,9964.6883030303,16579.5776363636,391.931443148979,389.935398373487,1752.36015203124,2674.16949260007,48.8490025575448,35.5860251875912
"SewPen_SOLO_20220711_Teller_MM27_Flight4_MBS.tif",65535,65535,65535,65535,0,0,0,0,48.8490025575448,35.5860251875912
