"uas_flight","green_ave","red_ave","rededge_ave","nir_ave","green_sd","red_sd","rededge_sd","nir_sd","chm_ave","chm_sd"
"SewPen_SOLO_20220708_Teller_MM27_Flight1_MBS.tif",1722.74356060606,949.087121212121,7818.78371212121,11545.7443181818,419.172072055268,262.19415930561,2161.03874240875,2992.32287345681,80.5664414414414,27.3284264042416
