"uas_flight","green_ave","red_ave","rededge_ave","nir_ave","green_sd","red_sd","rededge_sd","nir_sd","chm_ave","chm_sd"
"SewPen_SOLO_20220711_Teller_MM27_Flight6_MBS.tif",1618.54474505723,1896.03433922997,5071.75364203954,7417.56685744017,144.917964989141,228.724671037239,489.580419513713,745.696206316567,3.39644679588608,1.92143481605505
"SewPen_SOLO_20220711_Teller_MM27_Flight7_MBS.tif",1427.56495867769,1895.32925619835,5057.19074380165,6531.04561983471,153.208981112051,222.966526882538,580.788841906031,799.990352063281,3.39644679588608,1.92143481605505
"SewPen_SOLO_20220711_Teller_MM27_Flight8_MBS.tif",65535,65535,65535,65535,0,0,0,0,3.39644679588608,1.92143481605505
"SewPen_SOLO_20220713_Teller_MM27_Flight10_MBS.tif",65535,65535,65535,65535,0,0,0,0,3.39644679588608,1.92143481605505
