"uas_flight","green_ave","red_ave","rededge_ave","nir_ave","green_sd","red_sd","rededge_sd","nir_sd","chm_ave","chm_sd"
"SewPen_SOLO_20220711_Teller_MM27_Flight6_MBS.tif",1110.99110563766,1134.37739463602,4817.48960043788,6480.78639846743,113.678955587481,270.502421488004,1031.12343689377,1510.51142505922,7.32248600023829,3.99870215742858
"SewPen_SOLO_20220711_Teller_MM27_Flight7_MBS.tif",1155.94324786325,1363.50085470085,5108.40427350427,6530.59435897436,119.958468021114,293.956791141579,1029.33795281897,1438.77176148278,7.32248600023829,3.99870215742858
"SewPen_SOLO_20220711_Teller_MM27_Flight8_MBS.tif",65535,65535,65535,65535,0,0,0,0,7.32248600023829,3.99870215742858
