"uas_flight","green_ave","red_ave","rededge_ave","nir_ave","green_sd","red_sd","rededge_sd","nir_sd","chm_ave","chm_sd"
"SewPen_SOLO_20220711_Teller_MM27_Flight7_MBS.tif",65535,65535,65535,65535,0,0,0,0,19.4375270389361,9.72211438045389
"SewPen_SOLO_20220711_Teller_MM27_Flight8_MBS.tif",1041.66039540816,746.797193877551,7321.05484693878,10259.5631377551,108.594537740847,141.25509745392,688.96034394118,1100.29984828679,19.4375270389361,9.72211438045389
"SewPen_SOLO_20220713_Teller_MM27_Flight10_MBS.tif",1409.92538265306,704.63743622449,7741.41804846939,9996.38329081633,223.199016863964,126.597964368046,1181.73065837512,1482.82891381661,19.4375270389361,9.72211438045389
"SewPen_SOLO_20220713_Teller_MM27_Flight11_MBS.tif",1512.61355529132,690.788347205708,7757.08680142687,9406.18014268728,152.063594555503,93.035324493927,913.748764288342,1020.92527471056,19.4375270389361,9.72211438045389
"SewPen_SOLO_20220713_Teller_MM27_Flight12_MBS.tif",65535,65535,65535,65535,0,0,0,0,19.4375270389361,9.72211438045389
