"uas_flight","green_ave","red_ave","rededge_ave","nir_ave","green_sd","red_sd","rededge_sd","nir_sd","chm_ave","chm_sd"
"SewPen_SOLO_20220708_Teller_MM27_Flight1_MBS.tif",1396.57692307692,814.030695266272,7761.46523668639,11379.3676035503,94.9899969420618,96.3567533633077,731.300300161801,982.331880787306,2.65421875,3.20863292099834
