"uas_flight","green_ave","red_ave","rededge_ave","nir_ave","green_sd","red_sd","rededge_sd","nir_sd","chm_ave","chm_sd"
"SewPen_SOLO_20220711_Teller_MM27_Flight5_MBS.tif",65535,65535,65535,65535,0,0,0,0,13.6493344907407,9.24051222258207
"SewPen_SOLO_20220711_Teller_MM27_Flight6_MBS.tif",1446.7372528616,1512.31763787721,6482.64698231009,8588.09131113423,305.819091690516,519.987801145006,695.009195946289,1013.06571882108,13.6493344907407,9.24051222258207
"SewPen_SOLO_20220711_Teller_MM27_Flight7_MBS.tif",1388.95305785124,1343.19801652893,7243.93024793388,9623.80132231405,221.985597730886,453.785107081274,848.79557453019,1351.49651493906,13.6493344907407,9.24051222258207
"SewPen_SOLO_20220711_Teller_MM27_Flight8_MBS.tif",65535,65535,65535,65535,0,0,0,0,13.6493344907407,9.24051222258207
