"uas_flight","green_ave","red_ave","rededge_ave","nir_ave","green_sd","red_sd","rededge_sd","nir_sd","chm_ave","chm_sd"
"SewPen_SOLO_20220708_Teller_MM27_Flight1_MBS.tif",65535,65535,65535,65535,0,0,0,0,42.3316964285714,17.8480294234246
"SewPen_SOLO_20220711_Teller_MM27_Flight4_MBS.tif",1361.52678571429,1434.25858516484,7931.44711538462,11373.1205357143,102.915296223358,305.887378595202,914.207643749489,1470.16758260827,42.3316964285714,17.8480294234246
"SewPen_SOLO_20220711_Teller_MM27_Flight5_MBS.tif",1414.15671929149,1475.36388140162,8079.94801694263,11414.3346168656,118.671269765749,358.91022947859,805.833663776691,1353.44667762526,42.3316964285714,17.8480294234246
