"uas_flight","green_ave","red_ave","rededge_ave","nir_ave","green_sd","red_sd","rededge_sd","nir_sd","chm_ave","chm_sd"
"SewPen_SOLO_20220711_Teller_MM27_Flight4_MBS.tif",1750.44067382812,1509.63891601562,8006.16162109375,12536.3857421875,88.988113766018,171.392037488554,503.210037298354,949.909216474236,0,0
"SewPen_SOLO_20220711_Teller_MM27_Flight5_MBS.tif",1146.79016393443,1200.25109289617,7883.4106557377,9855.86639344262,75.5131608030606,165.646366826296,703.99088476585,952.604093278735,0,0
"SewPen_SOLO_20220711_Teller_MM27_Flight6_MBS.tif",1461.75251189847,1140.81147540984,6704.0240613432,10231.441300899,82.5339796839426,146.204932186663,622.374427716707,1139.05106253163,0,0
"SewPen_SOLO_20220711_Teller_MM27_Flight7_MBS.tif",65535,65535,65535,65535,0,0,0,0,0,0
