"uas_flight","green_ave","red_ave","rededge_ave","nir_ave","green_sd","red_sd","rededge_sd","nir_sd","chm_ave","chm_sd"
"SewPen_SOLO_20220713_Teller_MM27_Flight10_MBS.tif",65535,65535,65535,65535,0,0,0,0,1.0679012345679,1.87825415221789
"SewPen_SOLO_20220713_Teller_MM27_Flight12_MBS.tif",3015.82380165289,1849.44363636364,7392.33520661157,11701.347107438,256.040610079756,240.167837477732,776.533713265217,1284.10904168284,1.0679012345679,1.87825415221789
