"uas_flight","green_ave","red_ave","rededge_ave","nir_ave","green_sd","red_sd","rededge_sd","nir_sd","chm_ave","chm_sd"
"SewPen_SOLO_20220711_Teller_MM27_Flight4_MBS.tif",1350.60649038462,1507.91394230769,7657.27596153846,10704.8697115385,177.828378368313,422.343613899647,752.486766355922,1185.06622718887,2.421875,2.63871122356994
"SewPen_SOLO_20220711_Teller_MM27_Flight5_MBS.tif",1314.94535519126,1552.89918032787,7706.91693989071,10129.7349726776,189.677817682101,462.109506394152,731.250546889161,1105.35797099168,2.421875,2.63871122356994
