"uas_flight","green_ave","red_ave","rededge_ave","nir_ave","green_sd","red_sd","rededge_sd","nir_sd","chm_ave","chm_sd"
"SewPen_SOLO_20220708_Teller_MM27_Flight1_MBS.tif",1715.74038461538,1079.62721893491,6817.07322485207,9954.9201183432,226.860923388887,247.036350123141,1124.88287473521,1359.23337143644,5.86640625,5.04514356239795
