"uas_flight","green_ave","red_ave","rededge_ave","nir_ave","green_sd","red_sd","rededge_sd","nir_sd","chm_ave","chm_sd"
"SewPen_SOLO_20220711_Teller_MM27_Flight4_MBS.tif",1679.10304862686,1622.6654069035,8215.79465860418,12610.6510456034,108.705525821046,250.430901661814,610.576815637511,1091.44788160065,0.1565625,0.534937282085445
"SewPen_SOLO_20220711_Teller_MM27_Flight5_MBS.tif",1206.91,1389.24861111111,7894.88916666667,10086.3313888889,103.177057022673,267.935857849192,738.508078448148,1074.25190647203,0.1565625,0.534937282085445
"SewPen_SOLO_20220711_Teller_MM27_Flight6_MBS.tif",65535,65535,65535,65535,0,0,0,0,0.1565625,0.534937282085445
