"uas_flight","green_ave","red_ave","rededge_ave","nir_ave","green_sd","red_sd","rededge_sd","nir_sd","chm_ave","chm_sd"
"SewPen_SOLO_20220711_Teller_MM27_Flight8_MBS.tif",65535,65535,65535,65535,0,0,0,0,34.1900059136606,11.7778130497208
"SewPen_SOLO_20220713_Teller_MM27_Flight10_MBS.tif",1278.27045036765,1071.00459558824,6152.35546875,7843.42761948529,303.38100041606,447.140404128197,1279.55901292022,1666.50884761721,34.1900059136606,11.7778130497208
"SewPen_SOLO_20220713_Teller_MM27_Flight11_MBS.tif",1088.5618729097,800.449052396879,6540.09743589744,8367.45819397993,351.692585102046,394.900554224902,1682.49602014688,2135.35150153438,34.1900059136606,11.7778130497208
"SewPen_SOLO_20220713_Teller_MM27_Flight12_MBS.tif",2199.45799180328,1393.77459016393,8060.92315573771,10301.2033811475,596.346286088248,660.94844383738,1659.04313760931,2213.46517781366,34.1900059136606,11.7778130497208
