"uas_flight","green_ave","red_ave","rededge_ave","nir_ave","green_sd","red_sd","rededge_sd","nir_sd","chm_ave","chm_sd"
"SewPen_SOLO_20220708_Teller_MM27_Flight1_MBS.tif",1626.91226215645,1014.86469344609,9023.06289640592,14371.4281183932,105.991552090245,177.122734027338,733.011837594444,1109.30486836122,4.2123473541384,3.48082951770077
