uas_flight,green_ave,red_ave,rededge_ave,nir_ave,green_sd,red_sd,rededge_sd,nir_sd,chm_ave,chm_sd
SewPen_SOLO_20220708_Teller_MM27_Flight1_MBS.tif,1498.174556,814.9434172,8095.202293,11815.7696,166.7172231,247.7224769,907.9193918,1218.591438,11.33140625,4.592064732
