uas_flight,green_ave,red_ave,rededge_ave,nir_ave,green_sd,red_sd,rededge_sd,nir_sd,chm_ave,chm_sd
SewPen_SOLO_20220711_Teller_MM27_Flight8_MBS.tif,1650.343,2064.278,7141.559,10495.616,187.413686,449.2906922,437.6822248,787.8454911,6.501900077,4.404482865
SewPen_SOLO_20220713_Teller_MM27_Flight10_MBS.tif,2076.166,2102.533,6431.204,7961.007,215.1487994,322.2556717,763.2636564,893.6656331,6.501900077,4.404482865
SewPen_SOLO_20220713_Teller_MM27_Flight11_MBS.tif,2102.719,1887.549,7976.581,9902.268,229.5428695,403.1078651,900.4675115,1159.322795,6.501900077,4.404482865
SewPen_SOLO_20220713_Teller_MM27_Flight12_MBS.tif,5463.412,3270.247,9022.716,15173.935,386.2982563,325.6135514,707.986333,1243.006588,6.501900077,4.404482865
