uas_flight,green_ave,red_ave,rededge_ave,nir_ave,green_sd,red_sd,rededge_sd,nir_sd,chm_ave,chm_sd
SewPen_SOLO_20220711_Teller_MM27_Flight4_MBS.tif,1361.526786,1434.258585,7931.447115,11373.12054,102.9152962,305.8873786,914.2076437,1470.167583,42.33169643,17.84802942
SewPen_SOLO_20220711_Teller_MM27_Flight5_MBS.tif,1414.156719,1475.363881,8079.948017,11414.33462,118.6712698,358.9102295,805.8336638,1353.446678,42.33169643,17.84802942
