uas_flight,green_ave,red_ave,rededge_ave,nir_ave,green_sd,red_sd,rededge_sd,nir_sd,chm_ave,chm_sd
SewPen_SOLO_20220711_Teller_MM27_Flight6_MBS.tif,1610.190,1751.621,6970.188,9254.858,289.8695813,543.4180498,642.7283653,1034.502759,12.08191262,4.603060276
SewPen_SOLO_20220711_Teller_MM27_Flight7_MBS.tif,1802.886,1896.302,7265.694,10492.473,247.6646274,476.0666288,539.112948,1041.228194,12.08191262,4.603060276
