"uas_flight","green_ave","red_ave","rededge_ave","nir_ave","green_sd","red_sd","rededge_sd","nir_sd","chm_ave","chm_sd"
"SewPen_SOLO_20220708_Teller_MM27_Flight1_MBS.tif",1617.10576923077,1038.05029585799,9007.71930473373,13340.249260355,291.426001284949,295.384986885183,1368.11634237972,1746.87108793227,15.9775,13.5436804409836
