"uas_flight","green_ave","red_ave","rededge_ave","nir_ave","green_sd","red_sd","rededge_sd","nir_sd","chm_ave","chm_sd"
"SewPen_SOLO_20220708_Teller_MM27_Flight1_MBS.tif",2212.6150147929,1168.56915680473,11498.8047337278,19859.5440088757,143.548994460876,146.345223882913,685.161632596189,1251.29692582643,4.31453125,2.43386820168062
