uas_flight,green_ave,red_ave,rededge_ave,nir_ave,green_sd,red_sd,rededge_sd,nir_sd,chm_ave,chm_sd
SewPen_SOLO_20220711_Teller_MM27_Flight6_MBS.tif,1318.684,1333.010,5996.098,8207.504,115.2106377,217.160704,792.2854937,1194.421763,6.779700196,5.305037734
SewPen_SOLO_20220711_Teller_MM27_Flight7_MBS.tif,1384.823,1530.447,6235.569,8366.802,106.73652,210.9733839,770.4780354,1178.633259,6.779700196,5.305037734
