uas_flight,green_ave,red_ave,rededge_ave,nir_ave,green_sd,red_sd,rededge_sd,nir_sd,chm_ave,chm_sd
SewPen_SOLO_20220713_Teller_MM27_Flight10_MBS.tif,1278.27,1071.00,6152.36,7843.43,303.3810004,447.1404041,1279.559013,1666.508848,34.19000591,11.77781305
SewPen_SOLO_20220713_Teller_MM27_Flight11_MBS.tif,1088.56,800.45,6540.10,8367.46,351.6925851,394.9005542,1682.49602,2135.351502,34.19000591,11.77781305
SewPen_SOLO_20220713_Teller_MM27_Flight12_MBS.tif,2199.46,1393.77,8060.92,10301.20,596.3462861,660.9484438,1659.043138,2213.465178,34.19000591,11.77781305
