uas_flight,green_ave,red_ave,rededge_ave,nir_ave,green_sd,red_sd,rededge_sd,nir_sd,chm_ave,chm_sd
SewPen_SOLO_20220711_Teller_MM27_Flight5_MBS.tif,979.2495164,835.2901354,7611.388781,10399.52708,106.9233303,147.1260594,1368.414717,2162.386248,19.40322581,8.853006021
SewPen_SOLO_20220711_Teller_MM27_Flight6_MBS.tif,1238.953598,938.7921402,7589.699337,11232.90767,140.6333839,328.0910462,1462.414129,2654.438258,19.40322581,8.853006021
