uas_flight,green_ave,red_ave,rededge_ave,nir_ave,green_sd,red_sd,rededge_sd,nir_sd,chm_ave,chm_sd
SewPen_SOLO_20220711_Teller_MM27_Flight5_MBS.tif,1310.737167,1597.525128,8019.676162,10091.06745,199.0314538,434.945363,855.097397,1244.290899,28.59197531,4.619044686
SewPen_SOLO_20220711_Teller_MM27_Flight6_MBS.tif,1813.926178,2235.739229,6242.363568,8646.218695,128.2017801,282.5534835,584.5667937,892.967589,28.59197531,4.619044686
