uas_flight,green_ave,red_ave,rededge_ave,nir_ave,green_sd,red_sd,rededge_sd,nir_sd,chm_ave,chm_sd
SewPen_SOLO_20220711_Teller_MM27_Flight4_MBS.tif,1323.403846,1149.779087,8300.121154,11488.91707,141.4418501,304.8164198,746.2185667,1232.177897,11.345,4.79673145
SewPen_SOLO_20220711_Teller_MM27_Flight5_MBS.tif,1244.46466,1153.596614,8414.007256,11088.77157,135.7932822,320.0952813,811.0700384,1255.289498,11.345,4.79673145
