uas_flight,green_ave,red_ave,rededge_ave,nir_ave,green_sd,red_sd,rededge_sd,nir_sd,chm_ave,chm_sd
SewPen_SOLO_20220711_Teller_MM27_Flight4_MBS.tif,1188.839506,780.1356421,9273.681257,14917.77874,239.4902923,248.0024446,1457.947791,2691.51868,34.14809797,22.46566545
SewPen_SOLO_20220711_Teller_MM27_Flight5_MBS.tif,1310.428216,831.3260986,8849.14428,15996.95873,236.8580075,231.4003584,1185.00127,2422.246871,34.14809797,22.46566545
