uas_flight,green_ave,red_ave,rededge_ave,nir_ave,green_sd,red_sd,rededge_sd,nir_sd,chm_ave,chm_sd
SewPen_SOLO_20220711_Teller_MM27_Flight4_MBS.tif,1025.932826,687.4729975,8673.384439,13929.45959,157.4584691,149.8916562,1595.326998,2999.731832,69.84412226,28.16223442
SewPen_SOLO_20220711_Teller_MM27_Flight5_MBS.tif,1145.572511,771.5731872,8730.357549,14390.68304,192.2648241,192.7079669,1440.002451,2893.907132,69.84412226,28.16223442
