uas_flight,green_ave,red_ave,rededge_ave,nir_ave,green_sd,red_sd,rededge_sd,nir_sd,chm_ave,chm_sd
SewPen_SOLO_20220711_Teller_MM27_Flight4_MBS.tif,1095.429845,615.7101665,9089.610285,15337.57907,170.4852692,116.4359425,1596.440175,3024.692898,17.53607253,9.987598469
SewPen_SOLO_20220711_Teller_MM27_Flight5_MBS.tif,1374.990741,782.5589849,8592.041838,16671.51543,182.1601097,137.3419002,1135.123669,2528.333903,17.53607253,9.987598469
