uas_flight,green_ave,red_ave,rededge_ave,nir_ave,green_sd,red_sd,rededge_sd,nir_sd,chm_ave,chm_sd
SewPen_SOLO_20220711_Teller_MM27_Flight5_MBS.tif,1099.283526,1093.846009,7996.575652,10376.23811,78.75905457,203.5726633,892.3784763,1316.206447,3.424768519,3.244965342
SewPen_SOLO_20220711_Teller_MM27_Flight6_MBS.tif,1351.431842,1160.922737,7598.065557,10483.44225,120.8592719,263.9938002,747.1384692,1220.968282,3.424768519,3.244965342
