uas_flight,green_ave,red_ave,rededge_ave,nir_ave,green_sd,red_sd,rededge_sd,nir_sd,chm_ave,chm_sd
SewPen_SOLO_20220713_Teller_MM27_Flight12_MBS.tif,1948.755372,1202.437355,6771.566942,10423.21058,235.3445472,231.8757681,689.485643,1160.407795,6.538942234,4.643023554
