uas_flight,green_ave,red_ave,rededge_ave,nir_ave,green_sd,red_sd,rededge_sd,nir_sd,chm_ave,chm_sd
SewPen_SOLO_20220711_Teller_MM27_Flight6_MBS.tif,1082.150624,1184.843652,4112.492976,5308.277315,169.7957704,216.9343168,705.6356966,1054.127896,7.784527392,3.724916039
SewPen_SOLO_20220711_Teller_MM27_Flight7_MBS.tif,1188.950083,1303.092231,4548.426116,6019.149091,130.683115,196.8495008,651.8525,1034.786974,7.784527392,3.724916039
