uas_flight,green_ave,red_ave,rededge_ave,nir_ave,green_sd,red_sd,rededge_sd,nir_sd,chm_ave,chm_sd
SewPen_SOLO_20220711_Teller_MM27_Flight7_MBS.tif,1265.776,1145.298,6981.997,9902.138,176.676053,306.2652319,840.8542082,1372.409478,24.58547009,16.60056188
SewPen_SOLO_20220711_Teller_MM27_Flight8_MBS.tif,1273.084,1539.324,6186.279,8253.467,201.8702704,474.597238,712.8063629,1079.160626,24.58547009,16.60056188
SewPen_SOLO_20220713_Teller_MM27_Flight10_MBS.tif,2367.350,1808.353,8523.056,11322.152,370.0309587,574.5456105,1077.589645,1507.902106,24.58547009,16.60056188
SewPen_SOLO_20220713_Teller_MM27_Flight11_MBS.tif,3219.443,1911.095,8194.154,11578.150,445.1221795,393.119454,923.5593352,1284.689416,24.58547009,16.60056188
