uas_flight,green_ave,red_ave,rededge_ave,nir_ave,green_sd,red_sd,rededge_sd,nir_sd,chm_ave,chm_sd
SewPen_SOLO_20220711_Teller_MM27_Flight7_MBS.tif,1692.747,1887.209,6748.303,9617.165,145.0826912,272.8767903,529.7217366,835.5445391,4.511736016,3.197834294
SewPen_SOLO_20220711_Teller_MM27_Flight8_MBS.tif,1582.894,1853.605,6881.161,8952.270,272.6975085,468.3516273,523.6348179,812.2915871,4.511736016,3.197834294
SewPen_SOLO_20220713_Teller_MM27_Flight10_MBS.tif,2312.156,2370.409,7889.433,9371.110,318.9861694,494.8868457,942.9236448,1107.451492,4.511736016,3.197834294
SewPen_SOLO_20220713_Teller_MM27_Flight11_MBS.tif,3285.702,2630.836,8756.560,10696.370,471.6917013,669.1177643,786.5065501,1059.407977,4.511736016,3.197834294
