"uas_flight","green_ave","red_ave","rededge_ave","nir_ave","green_sd","red_sd","rededge_sd","nir_sd","chm_ave","chm_sd"
"SewPen_SOLO_20220711_Teller_MM27_Flight4_MBS.tif",1949.18894230769,1980.16225961538,8390.55600961538,14123.6411057692,160.970015451114,266.183404040111,417.557403681244,917.191005203752,39.3822588020119,8.53489336278485
"SewPen_SOLO_20220711_Teller_MM27_Flight5_MBS.tif",1303.03977425423,1668.24536414942,7901.70733673744,10110.7895726955,117.797370346686,322.064243817661,685.407517955031,957.575654137373,39.3822588020119,8.53489336278485
"SewPen_SOLO_20220711_Teller_MM27_Flight6_MBS.tif",1852.17611862643,2010.01040582726,6640.11108220604,10129.8478147763,141.195162240596,217.266932610981,683.660407922976,1227.28284064954,39.3822588020119,8.53489336278485
