"uas_flight","green_ave","red_ave","rededge_ave","nir_ave","green_sd","red_sd","rededge_sd","nir_sd","chm_ave","chm_sd"
"SewPen_SOLO_20220708_Teller_MM27_Flight1_MBS.tif",1887.93121301775,1060.20968934911,8286.76923076923,12291.2540680473,350.61853025356,238.192900765103,1488.77405810231,2179.17323453414,8.540625,9.16724362076398
