uas_flight,green_ave,red_ave,rededge_ave,nir_ave,green_sd,red_sd,rededge_sd,nir_sd,chm_ave,chm_sd
SewPen_SOLO_20220711_Teller_MM27_Flight5_MBS.tif,931.1368852,942.2655738,6075.806011,7830.518306,127.0075332,171.0216938,911.5639649,1323.518308,0.435802469,1.319899685
SewPen_SOLO_20220711_Teller_MM27_Flight6_MBS.tif,1146.466701,1225.190687,4967.864464,6577.516129,194.5575354,321.3230193,842.6983994,1280.307105,0.435802469,1.319899685
