uas_flight,green_ave,red_ave,rededge_ave,nir_ave,green_sd,red_sd,rededge_sd,nir_sd,chm_ave,chm_sd
SewPen_SOLO_20220708_Teller_MM27_Flight1_MBS.tif,1577.145879,894.2689697,9964.688303,16579.57764,391.9314431,389.9353984,1752.360152,2674.169493,48.84900256,35.58602519
