uas_flight,green_ave,red_ave,rededge_ave,nir_ave,green_sd,red_sd,rededge_sd,nir_sd,chm_ave,chm_sd
SewPen_SOLO_20220713_Teller_MM27_Flight12_MBS.tif,1483.879669,1464.509091,6296.778182,8686.053223,196.5495853,367.0401489,926.0158376,1282.266944,9.01041047,4.665730627
