uas_flight,green_ave,red_ave,rededge_ave,nir_ave,green_sd,red_sd,rededge_sd,nir_sd,chm_ave,chm_sd
SewPen_SOLO_20220711_Teller_MM27_Flight6_MBS.tif,1369.954521,1421.832893,6315.323638,8492.187203,220.325803,421.3835107,677.4748364,1049.816482,3.70828125,3.73382776
SewPen_SOLO_20220711_Teller_MM27_Flight7_MBS.tif,1390.79405,1460.083967,6907.563306,9015.802645,202.9328745,401.6346611,659.2743998,996.6527414,3.70828125,3.73382776
