uas_flight,green_ave,red_ave,rededge_ave,nir_ave,green_sd,red_sd,rededge_sd,nir_sd,chm_ave,chm_sd
SewPen_SOLO_20220711_Teller_MM27_Flight4_MBS.tif,1679.103,1622.665,8215.795,12610.651,108.7055258,250.4309017,610.5768156,1091.447882,0.1565625,0.534937282
SewPen_SOLO_20220711_Teller_MM27_Flight5_MBS.tif,1206.910,1389.249,7894.889,10086.331,103.177057,267.9358578,738.5080784,1074.251906,0.1565625,0.534937282
