uas_flight,green_ave,red_ave,rededge_ave,nir_ave,green_sd,red_sd,rededge_sd,nir_sd,chm_ave,chm_sd
SewPen_SOLO_20220711_Teller_MM27_Flight7_MBS.tif,1304.825,1174.353,6557.247,8792.439,168.5697234,197.5505272,925.771447,1233.774394,6.140509259,5.166827674
SewPen_SOLO_20220711_Teller_MM27_Flight8_MBS.tif,1289.860,1394.321,5637.143,7611.264,106.0637664,172.6454843,645.5385759,936.8189611,6.140509259,5.166827674
