uas_flight,green_ave,red_ave,rededge_ave,nir_ave,green_sd,red_sd,rededge_sd,nir_sd,chm_ave,chm_sd
SewPen_SOLO_20220711_Teller_MM27_Flight5_MBS.tif,1256.065556,1610.957222,5906.4325,8123.220556,101.6383361,212.4267315,517.7345267,777.5423338,5.639061787,4.297746469
SewPen_SOLO_20220711_Teller_MM27_Flight6_MBS.tif,1320.631551,1616.497716,4826.639613,6407.303413,119.6656609,222.9691178,714.1310412,1097.257199,5.639061787,4.297746469
