uas_flight,green_ave,red_ave,rededge_ave,nir_ave,green_sd,red_sd,rededge_sd,nir_sd,chm_ave,chm_sd
SewPen_SOLO_20220713_Teller_MM27_Flight12_MBS.tif,1442.726299,813.3918831,7124.120455,9669.775325,150.4092763,178.7567363,1049.829408,1375.060982,16.85561578,8.417724393
