"uas_flight","green_ave","red_ave","rededge_ave","nir_ave","green_sd","red_sd","rededge_sd","nir_sd","chm_ave","chm_sd"
"SewPen_SOLO_20220708_Teller_MM27_Flight1_MBS.tif",1671.87869822485,886.791420118343,10216.5676775148,15651.1985946746,138.1945823364,128.051379869187,1187.61967850927,1564.42238330892,5.16645569620253,4.10483155904365
