uas_flight,green_ave,red_ave,rededge_ave,nir_ave,green_sd,red_sd,rededge_sd,nir_sd,chm_ave,chm_sd
SewPen_SOLO_20220711_Teller_MM27_Flight8_MBS.tif,1041.660,746.797,7321.055,10259.563,108.5945377,141.2550975,688.9603439,1100.299848,19.43752704,9.72211438
SewPen_SOLO_20220713_Teller_MM27_Flight10_MBS.tif,1409.925,704.637,7741.418,9996.383,223.1990169,126.5979644,1181.730658,1482.828914,19.43752704,9.72211438
SewPen_SOLO_20220713_Teller_MM27_Flight11_MBS.tif,1512.614,690.788,7757.087,9406.180,152.0635946,93.03532449,913.7487643,1020.925275,19.43752704,9.72211438
