uas_flight,green_ave,red_ave,rededge_ave,nir_ave,green_sd,red_sd,rededge_sd,nir_sd,chm_ave,chm_sd
SewPen_SOLO_20220711_Teller_MM27_Flight4_MBS.tif,1750.441,1509.639,8006.162,12536.386,88.98811377,171.3920375,503.2100373,949.9092165,0,0
SewPen_SOLO_20220711_Teller_MM27_Flight5_MBS.tif,1146.790,1200.251,7883.411,9855.866,75.5131608,165.6463668,703.9908848,952.6040933,0,0
SewPen_SOLO_20220711_Teller_MM27_Flight6_MBS.tif,1461.753,1140.811,6704.024,10231.441,82.53397968,146.2049322,622.3744277,1139.051063,0,0
