uas_flight,green_ave,red_ave,rededge_ave,nir_ave,green_sd,red_sd,rededge_sd,nir_sd,chm_ave,chm_sd
SewPen_SOLO_20220713_Teller_MM27_Flight10_MBS.tif,1830.462,1070.832,5714.740,8966.378,189.9835806,180.8262132,515.2509831,768.9354591,11.42066758,6.189647108
SewPen_SOLO_20220713_Teller_MM27_Flight11_MBS.tif,1709.381,1331.037,5934.334,9185.582,189.1373229,195.1666721,632.0817634,855.6591879,11.42066758,6.189647108
SewPen_SOLO_20220713_Teller_MM27_Flight12_MBS.tif,1568.101,1031.645,6941.851,8633.086,96.30078857,151.4305513,697.2506552,896.0830159,11.42066758,6.189647108
