uas_flight,green_ave,red_ave,rededge_ave,nir_ave,green_sd,red_sd,rededge_sd,nir_sd,chm_ave,chm_sd
SewPen_SOLO_20220711_Teller_MM27_Flight6_MBS.tif,1500.467,1444.009,6377.391,9322.920,104.9148457,196.681428,476.5205606,817.3413301,11.49210938,9.879504178
SewPen_SOLO_20220711_Teller_MM27_Flight7_MBS.tif,1362.355,1434.462,7120.452,9141.548,106.4222564,211.9889184,668.0673186,1025.242137,11.49210938,9.879504178
